Ticker,Form,Date,Topics
ABTS,6-K,2022-12-30,Financial Statements and Exhibits
ARLP,10-Q,2025-11-07,"Item 1,Item 2,Item 3,Item 4,Item 1A,Item 5,Item 6"
ARLP,8-K,2025-10-27,Item 9.01
ARLP,8-K,2025-10-10,Item 9.01
ARLP,10-Q,2025-08-07,"Item 1,Item 2,Item 3,Item 4,Item 1A,Item 5,Item 6"
ARLP,8-K,2025-07-28,Item 9.01
ARLP,10-Q,2025-05-09,"Item 1,Item 2,Item 3,Item 4,Item 1A,Item 5,Item 6"
ARLP,8-K,2025-04-28,Item 9.01
ARLP,10-K,2025-02-27,"Item 1,Item 1A,Item 1B,Item 1C,Item 2,Item 3,Item 4,Item 5,Item 6,Item 7,Item 7A,Item 8,Item 9,Item 9A,Item 9B,Item 10,Item 11,Item 12,Item 13,Item 14,Item 15"
ARLP,8-K,2025-02-07,"Item 1.04,Item 9.01"
ARLP,8-K,2025-02-03,Item 9.01
ARLP,8-K,2024-12-13,Item 9.01
ARLP,10-Q,2024-11-07,"Item 1,Item 2,Item 3,Item 4,Item 1A,Item 5,Item 6"
ARLP,8-K,2024-10-28,Item 9.01
ARLP,8-K,2024-10-09,Item 9.01
ARLP,10-Q,2024-08-07,"Item 1,Item 2,Item 3,Item 4,Item 1A,Item 5,Item 6"
ARLP,8-K,2024-07-29,Item 9.01
ARLP,8-K,2024-06-12,Item 9.01
ARLP,8-K,2024-05-29,Item 9.01
ARLP,8-K,2024-05-29,Item 9.01
ARLP,10-Q,2024-05-09,"Item 1,Item 2,Item 3,Item 4,Item 1A,Item 5,Item 6"
ARLP,8-K,2024-04-29,Item 9.01
ARLP,8-K,2024-03-01,Item 9.01
ARLP,10-K,2024-02-23,"Item 1,Item 1A,Item 1B,Item 1C,Item 2,Item 3,Item 4,Item 5,Item 6,Item 7,Item 7A,Item 8,Item 9,Item 9A,Item 9B,Item 10,Item 11,Item 12,Item 13,Item 14,Item 15"
ARLP,8-K,2024-01-29,Item 9.01
ARLP,10-Q,2023-11-08,"Item 1,Item 2,Item 3,Item 4,Item 1A,Item 5,Item 6"
ARLP,8-K,2023-10-27,Item 9.01
ARLP,10-Q,2023-08-08,"Item 1,Item 2,Item 3,Item 4,Item 1A,Item 5,Item 6"
ARLP,8-K,2023-07-31,Item 9.01
ARLP,10-Q,2023-05-09,"Item 1,Item 2,Item 3,Item 4,Item 1A,Item 5,Item 6"
ARLP,8-K,2023-05-02,Item 9.01
ARLP,10-K,2023-02-24,"Item 1,Item 1A,Item 1B,Item 2,Item 3,Item 4,Item 5,Item 6,Item 7,Item 7A,Item 8,Item 9,Item 9A,Item 9B,Item 10,Item 11,Item 12,Item 13,Item 14,Item 15"
ARLP,8-K,2023-01-30,Item 9.01
ARLP,8-K,2023-01-20,"Item 2.03,Item 9.01"
ARLP,8-K,2022-12-12,"Item 7.01,Item 9.01"
ARLP,8-K,2022-11-18,Item 9.01
ARLP,10-Q,2022-11-07,"Item 1,Item 2,Item 3,Item 4,Item 1A,Item 5,Item 6"
ARLP,8-K,2022-10-31,Item 9.01
ARLP,10-K/A,2022-08-26,"Item 2,Item 15"
ARLP,10-Q,2022-08-08,"Item 1,Item 2,Item 3,Item 4,Item 1A,Item 5,Item 6"
ARLP,8-K,2022-08-01,Item 9.01
ARLP,10-Q,2022-05-09,"Item 1,Item 2,Item 3,Item 4,Item 1A,Item 5,Item 6"
ARLP,8-K,2022-05-02,Item 9.01
ARLP,10-K,2022-02-25,"Item 1,Item 1A,Item 1B,Item 2,Item 3,Item 4,Item 5,Item 6,Item 7,Item 7A,Item 8,Item 9,Item 9A,Item 9B,Item 10,Item 11,Item 12,Item 13,Item 14,Item 15"
ARLP,8-K,2022-02-18,Item 9.01
ARLP,8-K,2022-01-31,Item 9.01
ARLP,10-Q,2021-11-04,"Item 1,Item 2,Item 3,Item 4,Item 1A,Item 5,Item 6"
ARLP,8-K,2021-10-25,Item 9.01
ARLP,10-Q,2021-08-06,"Item 1,Item 2,Item 3,Item 4,Item 1A,Item 5,Item 6"
ARLP,8-K,2021-08-04,Item 9.01
ARLP,8-K,2021-07-26,Item 9.01
ARLP,10-Q,2021-05-07,"Item 1,Item 2,Item 3,Item 4,Item 1A,Item 5,Item 6"
ARLP,8-K,2021-04-26,Item 9.01
ARLP,8-K,2021-03-01,Item 9.01
ARLP,10-K,2021-02-23,"Item 1,Item 1A,Item 1B,Item 2,Item 3,Item 4,Item 5,Item 6,Item 7,Item 7A,Item 8,Item 9,Item 9A,Item 9B,Item 10,Item 11,Item 12,Item 13,Item 14,Item 15"
ARLP,8-K,2021-02-01,Item 9.01
ARLP,8-K,2020-12-14,Item 9.01
ARLP,10-Q,2020-11-05,"Item 1,Item 2,Item 3,Item 4,Item 1A,Item 5,Item 6"
ARLP,8-K,2020-10-26,Item 9.01
ARLP,10-Q,2020-08-06,"Item 1,Item 2,Item 3,Item 4,Item 1A,Item 5,Item 6"
ARLP,8-K,2020-07-27,Item 9.01
ARLP,10-Q,2020-05-08,"Item 1,Item 2,Item 3,Item 4,Item 1A,Item 5,Item 6"
ARLP,8-K,2020-05-08,Item 9.01
ARLP,8-K,2020-03-13,"Item 1.01,Item 9.01"
ARLP,10-K,2020-02-20,"Item 1,Item 1A,Item 1B,Item 2,Item 3,Item 4,Item 5,Item 6,Item 7,Item 7A,Item 8,Item 9,Item 9A,Item 9B,Item 10,Item 11,Item 12,Item 13,Item 14,Item 15"
ARLP,8-K,2020-01-27,Item 9.01
ARLP,10-Q,2019-11-05,"Item 1,Item 2,Item 3,Item 4,Item 1A,Item 5,Item 6"
ARLP,8-K,2019-10-28,Item 9.01
ARLP,8-K,2019-08-05,Item 9.01
ARLP,10-Q,2019-08-05,"Item 1,Item 2,Item 3,Item 4,Item 1A,Item 5,Item 6"
ARLP,8-K,2019-07-26,"Item 2.02,Item 9.01"
ARLP,8-K,2019-06-28,Item 1.04
ARLP,8-K,2019-06-27,Item 1.01
ARLP,10-Q,2019-05-06,"Item 1,Item 2,Item 3,Item 4,Item 1A,Item 5,Item 6"
ARLP,8-K,2019-04-29,"Item 2.02,Item 9.01"
ARLP,8-K,2019-04-08,Item 1.04
ARLP,10-K,2019-02-22,"Item 1,Item 1A,Item 1B,Item 2,Item 3,Item 4,Item 5,Item 6,Item 7,Item 7A,Item 8,Item 9,Item 9A,Item 9B,Item 10,Item 11,Item 12,Item 13,Item 14,Item 15"
ARLP,8-K,2019-02-07,Item 5.02
ARLP,8-K,2019-01-28,"Item 2.02,Item 9.01"
ARLP,8-K,2019-01-09,Item 7.01
ARLP,8-K,2019-01-07,Item 5.02
ARLP,8-K,2018-12-18,Item 1.01
ARLP,10-Q,2018-11-05,"Item 1,Item 2,Item 3,Item 4,Item 1A,Item 5,Item 6"
ARLP,8-K,2018-10-29,"Item 2.02,Item 9.01"
ARLP,10-Q,2018-08-06,"Item 1,Item 2,Item 3,Item 4,Item 1A,Item 5,Item 6"
ARLP,8-K,2018-07-30,"Item 2.02,Item 9.01"
ARLP,8-K,2018-06-06,"Item 2.01,Item 3.02,Item 5.01,Item 5.03,Item 7.01,Item 8.01,Item 9.01"
ARLP,10-Q,2018-05-07,"Item 1,Item 2,Item 3,Item 4,Item 1A,Item 5,Item 6"
ARLP,8-K,2018-04-30,"Item 2.02,Item 9.01"
ARLP,8-K,2018-02-23,"Item 1.01,Item 3.02,Item 7.01"
ARLP,10-K,2018-02-23,"Item 1,Item 1A,Item 1B,Item 2,Item 3,Item 4,Item 5,Item 6,Item 7,Item 7A,Item 8,Item 9,Item 9A,Item 9B,Item 10,Item 11,Item 12,Item 13,Item 14,Item 15"
ARLP,8-K,2018-01-29,"Item 2.02,Item 9.01"
ARLP,10-Q,2017-11-06,"Item 1,Item 2,Item 3,Item 4,Item 1A,Item 5,Item 6"
ARLP,8-K,2017-10-30,"Item 2.02,Item 9.01"
ARLP,10-Q,2017-08-04,"Item 1,Item 2,Item 3,Item 4,Item 1A,Item 5,Item 6"
ARLP,8-K,2017-07-31,"Item 2.02,Item 9.01"
ARLP,8-K,2017-07-28,"Item 1.01,Item 3.02,Item 3.03,Item 5.03,Item 7.01,Item 8.01,Item 9.01"
ARLP,10-Q,2017-05-08,"Item 1,Item 2,Item 3,Item 4,Item 1A,Item 5,Item 6"
ARLP,8-K,2017-05-01,"Item 2.02,Item 9.01"
ARLP,8-K,2017-04-24,"Item 2.03,Item 8.01"
ARLP,8-K,2017-04-07,"Item 1.01,Item 2.03,Item 8.01"
ARLP,8-K,2017-04-03,Item 7.01
ARLP,10-K,2017-02-24,"Item 1,Item 1A,Item 1B,Item 2,Item 3,Item 4,Item 5,Item 6,Item 7,Item 7A,Item 8,Item 9,Item 9A,Item 9B,Item 10,Item 11,Item 12,Item 13,Item 14,Item 15"
ARLP,8-K,2017-02-02,"Item 1.01,Item 2.03,Item 9.01"
ARLP,8-K,2017-01-30,"Item 2.02,Item 9.01"
ARLP,10-Q,2016-11-08,"Item 1,Item 2,Item 3,Item 4,Item 1A,Item 5,Item 6"
ARLP,8-K,2016-10-28,"Item 2.02,Item 9.01"
ARLP,10-Q,2016-08-05,"Item 1,Item 2,Item 3,Item 4,Item 1A,Item 5,Item 6"
ARLP,8-K,2016-07-26,"Item 2.02,Item 9.01"
ARLP,10-Q,2016-05-10,"Item 1,Item 2,Item 3,Item 4,Item 1A,Item 5,Item 6"
ARLP,8-K,2016-04-26,"Item 2.02,Item 9.01"
ARLP,10-K,2016-02-26,"Item 1,Item 1A,Item 1B,Item 2,Item 3,Item 4,Item 5,Item 6,Item 7,Item 7A,Item 8,Item 9,Item 9A,Item 9B,Item 10,Item 11,Item 12,Item 13,Item 14,Item 15"
ARLP,8-K,2016-01-26,"Item 2.02,Item 9.01"
ARLP,8-K,2015-11-10,Item 1.04
ARLP,10-Q,2015-11-06,"Item 1,Item 2,Item 3,Item 4,Item 1A,Item 5,Item 6"
ARLP,8-K,2015-11-06,"Item 7.01,Item 9.01"
ARLP,8-K,2015-11-04,"Item 1.01,Item 2.03,Item 9.01"
ARLP,8-K,2015-10-27,"Item 2.02,Item 9.01"
ARLP,8-K,2015-10-22,"Item 1.01,Item 9.01"
ARLP,10-Q,2015-08-06,"Item 1,Item 2,Item 3,Item 4,Item 1A,Item 5,Item 6"
ARLP,8-K,2015-07-31,"Item 7.01,Item 9.01"
ARLP,8-K,2015-07-28,"Item 2.02,Item 9.01"
ARLP,8-K,2015-07-06,"Item 7.01,Item 9.01"
ARLP,8-K,2015-05-08,"Item 7.01,Item 9.01"
ARLP,10-Q,2015-05-08,"Item 1,Item 2,Item 3,Item 4,Item 1A,Item 5,Item 6"
ARLP,8-K,2015-04-29,"Item 2.02,Item 9.01"
ARLP,8-K,2015-04-24,"Item 5.02,Item 9.01"
ARLP,8-K,2015-04-24,Item 1.04
ARLP,10-K,2015-02-27,"Item 1,Item 1A,Item 1B,Item 2,Item 3,Item 4,Item 5,Item 6,Item 7,Item 7A,Item 8,Item 9,Item 9A,Item 9B,Item 10,Item 11,Item 12,Item 13,Item 14,Item 15"
ARLP,8-K,2015-01-28,"Item 2.02,Item 9.01"
ARLP,8-K,2014-12-10,"Item 1.01,Item 2.03,Item 9.01"
ARLP,8-K,2014-11-25,"Item 7.01,Item 9.01"
ARLP,10-Q,2014-11-07,"Item 1,Item 2,Item 3,Item 4,Item 1A,Item 5,Item 6"
ARLP,8-K,2014-10-28,"Item 7.01,Item 9.01"
ARLP,8-K,2014-10-28,"Item 2.02,Item 9.01"
ARLP,8-K,2014-10-10,Item 1.04
ARLP,10-Q,2014-08-08,"Item 1,Item 2,Item 3,Item 4,Item 1A,Item 5,Item 6"
ARLP,8-K,2014-07-28,"Item 2.02,Item 9.01"
ARLP,8-K,2014-06-16,"Item 5.03,Item 9.01"
ARLP,8-K,2014-05-19,"Item 7.01,Item 9.01"
ARLP,10-Q,2014-05-09,"Item 1,Item 2,Item 3,Item 4,Item 1A,Item 5,Item 6"
ARLP,8-K,2014-04-28,"Item 2.02,Item 7.01,Item 9.01"
ARLP,10-K,2014-02-28,"Item 1,Item 1A,Item 1B,Item 2,Item 3,Item 4,Item 5,Item 6,Item 7,Item 7A,Item 8,Item 9,Item 9A,Item 9B,Item 10,Item 11,Item 12,Item 13,Item 14,Item 15"
ARLP,8-K,2014-02-19,"Item 7.01,Item 9.01"
ARLP,8-K,2014-01-28,"Item 2.02,Item 9.01"
ARLP,8-K,2013-11-26,"Item 7.01,Item 9.01"
ARLP,10-Q,2013-11-07,"Item 1,Item 2,Item 3,Item 4,Item 1A,Item 5,Item 6"
ARLP,8-K,2013-10-30,"Item 7.01,Item 9.01"
ARLP,8-K,2013-10-28,"Item 2.02,Item 9.01"
ARLP,8-K,2013-09-27,"Item 7.01,Item 9.01"
ARLP,10-Q,2013-08-08,"Item 1,Item 2,Item 3,Item 4,Item 1A,Item 5,Item 6"
ARLP,8-K,2013-07-26,"Item 2.02,Item 9.01"
ARLP,8-K,2013-07-15,Item 1.04
ARLP,8-K,2013-06-14,Item 1.04
ARLP,8-K,2013-05-10,"Item 7.01,Item 9.01"
ARLP,10-Q,2013-05-09,"Item 1,Item 2,Item 3,Item 4,Item 1A,Item 5,Item 6"
ARLP,8-K,2013-04-26,"Item 2.02,Item 9.01"
ARLP,10-K,2013-03-01,"Item 1,Item 1A,Item 1B,Item 2,Item 3,Item 5,Item 6,Item 7,Item 7A,Item 8,Item 9,Item 9A,Item 9B,Item 10,Item 11,Item 13,Item 14,Item 15"
ARLP,8-K,2013-01-29,"Item 2.02,Item 9.01"
ARLP,8-K,2012-11-20,"Item 7.01,Item 9.01"
ARLP,8-K,2012-11-09,"Item 7.01,Item 9.01"
ARLP,10-Q,2012-11-08,"Item 1,Item 2,Item 3,Item 4,Item 1A,Item 5,Item 6"
ARLP,8-K,2012-10-30,"Item 7.01,Item 9.01"
ARLP,8-K,2012-10-26,"Item 2.02,Item 9.01"
ARLP,8-K,2012-10-03,"Item 7.01,Item 9.01"
ARLP,10-Q,2012-08-08,"Item 1,Item 2,Item 3,Item 4,Item 1A,Item 5,Item 6"
ARLP,8-K,2012-07-27,"Item 2.02,Item 9.01"
ARLP,10-Q/A,2012-07-05,Item 6
ARLP,8-K,2012-06-21,Item 1.04
ARLP,8-K,2012-06-11,"Item 7.01,Item 9.01"
ARLP,8-K,2012-06-05,"Item 7.01,Item 9.01"
ARLP,8-K,2012-05-24,"Item 1.01,Item 2.03,Item 1.02,Item 9.01"
ARLP,8-K,2012-05-23,"Item 7.01,Item 9.01"
ARLP,8-K,2012-05-10,"Item 7.01,Item 9.01"
ARLP,10-Q,2012-05-09,"Item 1,Item 2,Item 3,Item 4,Item 1A,Item 5,Item 6"
ARLP,8-K,2012-04-30,"Item 2.02,Item 9.01"
ARLP,8-K,2012-03-21,Item 1.01
ARLP,8-K,2012-03-15,"Item 7.01,Item 9.01"
ARLP,10-K,2012-02-28,"Item 1,Item 1A,Item 1B,Item 2,Item 3,Item 4,Item 5,Item 6,Item 7,Item 7A,Item 8,Item 9,Item 9A,Item 9B,Item 10,Item 11,Item 12,Item 13,Item 14,Item 15"
ARLP,8-K,2012-02-09,Item 1.04
ARLP,8-K,2012-01-27,"Item 2.02,Item 9.01"
ARLP,8-K,2011-12-19,Item 8.01
ARLP,8-K,2011-12-09,Item 8.01
ARLP,8-K,2011-11-22,"Item 7.01,Item 9.01"
ARLP,8-K,2011-11-10,"Item 7.01,Item 9.01"
ARLP,10-Q,2011-11-08,"Item 1,Item 2,Item 3,Item 4,Item 1A,Item 5,Item 6"
ARLP,8-K,2011-10-28,"Item 2.02,Item 9.01"
ARLP,8-K,2011-10-24,Item 8.01
ARLP,8-K,2011-10-20,Item 8.01
ARLP,8-K,2011-09-23,Item 8.01
ARLP,8-K,2011-09-22,"Item 7.01,Item 9.01"
ARLP,8-K,2011-09-16,Item 8.01
ARLP,8-K,2011-09-09,Item 8.01
ARLP,10-Q,2011-08-08,"Item 1,Item 2,Item 3,Item 4,Item 1A,Item 5,Item 6"
ARLP,8-K,2011-07-27,"Item 2.02,Item 9.01"
ARLP,8-K,2011-05-16,Item 8.01
ARLP,8-K,2011-05-13,"Item 4.01,Item 9.01"
ARLP,8-K,2011-05-11,"Item 7.01,Item 9.01"
ARLP,8-K,2011-05-10,Item 8.01
ARLP,10-Q,2011-05-09,"Item 1,Item 2,Item 3,Item 4,Item 1A,Item 5,Item 6"
ARLP,8-K,2011-04-26,"Item 2.02,Item 9.01"
ARLP,8-K,2011-03-30,"Item 7.01,Item 9.01"
ARLP,10-K,2011-02-28,"Item 1,Item 1A,Item 1B,Item 2,Item 3,Item 4,Item 5,Item 6,Item 7,Item 7A,Item 8,Item 9,Item 9A,Item 9B,Item 10,Item 11,Item 12,Item 13,Item 14,Item 15"
ARLP,8-K,2011-01-28,"Item 2.02,Item 9.01"
ARLP,8-K,2011-01-27,Item 8.01
ARLP,8-K,2011-01-04,"Item 1.01,Item 2.03,Item 9.01"
ARLP,8-K,2010-11-29,Item 8.01
ARLP,8-K,2010-11-23,"Item 7.01,Item 9.01"
ARLP,8-K,2010-11-10,"Item 7.01,Item 9.01"
ARLP,10-Q,2010-11-08,"Item 1,Item 2,Item 3,Item 4,Item 1A,Item 5,Item 6"
ARLP,8-K,2010-10-29,Item 8.01
ARLP,8-K,2010-10-29,"Item 7.01,Item 9.01"
ARLP,8-K,2010-10-27,"Item 2.02,Item 9.01"
ARLP,10-Q,2010-08-09,"Item 1,Item 2,Item 3,Item 4,Item 1A,Item 5,Item 6"
ARLP,8-K,2010-07-26,"Item 2.02,Item 9.01"
ARLP,8-K,2010-05-18,"Item 7.01,Item 9.01"
ARLP,10-Q,2010-05-07,"Item 1,Item 2,Item 3,Item 4,Item 1A,Item 5,Item 6"
ARLP,8-K,2010-05-05,"Item 7.01,Item 9.01"
ARLP,8-K,2010-05-04,"Item 7.01,Item 9.01"
ARLP,8-K,2010-04-26,"Item 2.02,Item 9.01"
ARLP,10-K,2010-02-26,"Item 1,Item 1A,Item 1B,Item 2,Item 3,Item 4,Item 5,Item 6,Item 7,Item 7A,Item 8,Item 9,Item 9A,Item 9B,Item 10,Item 11,Item 12,Item 13,Item 14,Item 15"
ARLP,8-K,2010-01-27,"Item 2.02,Item 9.01"
ARLP,8-K,2009-12-01,"Item 7.01,Item 9.01"
ARLP,8-K,2009-11-12,"Item 7.01,Item 9.01"
ARLP,10-Q,2009-11-06,"Item 1,Item 2,Item 3,Item 4,Item 1A,Item 5,Item 6"
ARLP,8-K,2009-11-03,"Item 7.01,Item 9.01"
ARLP,8-K,2009-10-29,"Item 5.02,Item 9.01"
ARLP,8-K,2009-10-28,"Item 2.02,Item 9.01"
ARLP,8-K,2009-10-06,"Item 1.01,Item 9.01"
ARLP,8-K,2009-09-09,"Item 7.01,Item 9.01"
ARLP,8-K,2009-09-03,"Item 7.01,Item 9.01"
ARLP,8-K,2009-08-26,"Item 1.01,Item 9.01"
ARLP,10-Q,2009-08-07,"Item 1,Item 2,Item 3,Item 4,Item 1A,Item 5,Item 6"
ARLP,8-K,2009-07-28,"Item 2.02,Item 9.01"
ARLP,8-K,2009-07-13,"Item 7.01,Item 9.01"
ARLP,10-Q,2009-05-08,"Item 1,Item 2,Item 3,Item 4,Item 1A,Item 5,Item 6"
ARLP,8-K,2009-04-27,"Item 2.02,Item 9.01"
ARLP,10-K,2009-03-02,"Item 1,Item 1A,Item 1B,Item 2,Item 3,Item 4,Item 5,Item 6,Item 7,Item 7A,Item 8,Item 9,Item 9A,Item 9B,Item 10,Item 11,Item 12,Item 13,Item 14,Item 15"
ARLP,8-K,2009-02-24,"Item 5.02,Item 7.01,Item 9.01"
ARLP,8-K,2009-02-02,"Item 5.02,Item 9.01"
ARLP,8-K,2009-01-28,"Item 2.02,Item 9.01"
ARLP,8-K,2009-01-16,Item 5.02
ARLP,8-K,2008-12-09,"Item 7.01,Item 9.01"
ARLP,8-K,2008-12-04,"Item 7.01,Item 9.01"
ARLP,8-K,2008-11-20,"Item 7.01,Item 9.01"
ARLP,10-Q,2008-11-07,"Item 1,Item 2,Item 3,Item 4,Item 1A,Item 5,Item 6"
ARLP,8-K,2008-10-27,"Item 2.02,Item 9.01"
ARLP,8-K,2008-09-12,"Item 7.01,Item 9.01"
ARLP,10-Q,2008-08-08,"Item 1,Item 2,Item 3,Item 4,Item 1A,Item 5,Item 6"
ARLP,8-K,2008-07-28,"Item 2.02,Item 9.01"
ARLP,8-K,2008-07-01,"Item 1.01,Item 2.03,Item 8.01,Item 9.01"
ARLP,8-K,2008-05-21,"Item 7.01,Item 9.01"
ARLP,10-Q,2008-05-12,"Item 1,Item 2,Item 3,Item 4,Item 1A,Item 5,Item 6"
ARLP,8-K,2008-04-28,"Item 2.02,Item 7.01,Item 9.01"
ARLP,8-K,2008-04-18,"Item 5.03,Item 9.01"
ARLP,10-K,2008-02-29,"Item 1,Item 1A,Item 1B,Item 2,Item 3,Item 4,Item 5,Item 6,Item 7,Item 7A,Item 8,Item 9,Item 9A,Item 9B,Item 10,Item 11,Item 12,Item 13,Item 14,Item 15"
ARLP,8-K,2008-01-31,"Item 2.02,Item 9.01"
ARLP,8-K,2007-11-15,"Item 7.01,Item 9.01"
ARLP,10-Q,2007-11-09,"Item 1,Item 2,Item 3,Item 4,Item 1A,Item 5,Item 6"
ARLP,8-K,2007-10-29,"Item 2.02,Item 9.01"
ARLP,8-K,2007-09-27,"Item 1.01,Item 2.03,Item 9.01"
ARLP,10-Q,2007-08-09,"Item 1,Item 2,Item 3,Item 4,Item 1A,Item 5,Item 6"
ARLP,8-K,2007-07-30,"Item 2.02,Item 9.01"
ARLP,8-K,2007-06-26,"Item 7.01,Item 9.01"
ARLP,8-K,2007-06-21,"Item 7.01,Item 9.01"
ARLP,8-K,2007-06-01,"Item 7.01,Item 9.01"
ARLP,8-K,2007-05-15,"Item 7.01,Item 9.01"
ARLP,10-Q,2007-05-10,"Item 1,Item 2,Item 3,Item 4,Item 1A,Item 5,Item 6"
ARLP,8-K,2007-04-30,"Item 2.02,Item 9.01"
ARLP,8-K,2007-03-07,Item 9.01
ARLP,10-K,2007-03-01,"Item 1,Item 1A,Item 1B,Item 2,Item 3,Item 4,Item 5,Item 6,Item 7,Item 7A,Item 8,Item 9,Item 9A,Item 9B,Item 10,Item 11,Item 12,Item 13,Item 14,Item 15"
ARLP,8-K,2007-02-20,"Item 1.01,Item 9.01"
ARLP,8-K,2007-02-07,"Item 5.02,Item 9.01"
ARLP,8-K,2007-01-29,"Item 2.02,Item 9.01"
ARLP,8-K,2007-01-29,Item 1.01
ARLP,8-K,2007-01-11,"Item 5.02,Item 9.01"
ARLP,8-K,2006-12-05,"Item 7.01,Item 9.01"
ARLP,8-K,2006-11-17,Item 9.01
ARLP,8-K,2006-11-13,Item 9.01
ARLP,10-Q,2006-11-09,"Item 1,Item 2,Item 3,Item 4,Item 1A,Item 5,Item 6"
ARLP,8-K,2006-11-02,"Item 5.02,Item 9.01"
ARLP,8-K,2006-10-27,"Item 2.02,Item 9.01"
ARLP,10-Q,2006-08-09,"Item 1,Item 2,Item 3,Item 4,Item 1A,Item 5,Item 6"
ARLP,8-K,2006-08-01,"Item 2.02,Item 5.03,Item 9.01"
ARLP,8-K,2006-07-13,"Item 1.01,Item 9.01"
ARLP,8-K,2006-06-28,Item 9.01
ARLP,10-Q/A,2006-06-22,"Item 1,Item 2,Item 3,Item 4,Item 1A,Item 5,Item 6"
ARLP,8-K,2006-06-22,"Item 7.01,Item 9.01"
ARLP,8-K,2006-05-16,"Item 1.01,Item 8.01"
ARLP,8-K,2006-05-16,"Item 1.01,Item 1.02,Item 2.03,Item 9.01"
ARLP,10-Q,2006-05-10,"Item 1,Item 2,Item 3,Item 4,Item 1A,Item 5,Item 6"
ARLP,8-K,2006-04-25,"Item 2.02,Item 9.01"
ARLP,8-K,2006-04-18,Item 1.02
ARLP,8-K,2006-04-18,"Item 1.01,Item 2.03,Item 9.01"
ARLP,8-K,2006-04-12,"Item 8.01,Item 9.01"
ARLP,10-K,2006-03-16,"Item 1,Item 1A,Item 1B,Item 2,Item 3,Item 4,Item 5,Item 6,Item 7,Item 7A,Item 8,Item 9,Item 9A,Item 9B,Item 10,Item 11,Item 12,Item 13,Item 14,Item 15"
ARLP,8-K,2006-03-09,Item 9.01
ARLP,8-K,2006-02-01,"Item 2.02,Item 9.01"
ARLP,8-K,2006-01-03,"Item 8.01,Item 9.01"
ARLP,8-K,2005-12-21,"Item 8.01,Item 9.01"
ARLP,8-K,2005-11-22,Item 7.01
ARLP,10-Q,2005-11-09,"Item 1,Item 2,Item 3,Item 4,Item 5,Item 6"
ARLP,8-K,2005-10-27,"Item 2.02,Item 5.03,Item 9.01"
ARLP,8-K,2005-10-26,"Item 1.01,Item 1.02,Item 9.01"
ARLP,8-K,2005-08-19,"Item 7.01,Item 9.01"
ARLP,10-Q/A,2005-08-16,"Item 1,Item 4,Item 6"
ARLP,10-K/A,2005-08-16,"Item 6,Item 7,Item 7A,Item 8,Item 9,Item 9A,Item 15"
ARLP,10-Q,2005-08-15,"Item 1,Item 2,Item 3,Item 4,Item 5,Item 6"
ARLP,8-K,2005-08-05,"Item 1.01,Item 9.01"
ARLP,8-K,2005-07-27,"Item 2.02,Item 8.01,Item 9.01"
ARLP,8-K/A,2005-07-22,"Item 8.01,Item 9.01"
ARLP,8-K,2005-06-27,"Item 1.01,Item 8.01,Item 9.01"
ARLP,8-K,2005-06-17,"Item 8.01,Item 9.01"
ARLP,10-Q,2005-05-10,"Item 1,Item 2,Item 3,Item 4,Item 5,Item 6"
ARLP,8-K,2005-04-21,"Item 2.02,Item 5.03,Item 9.01"
ARLP,8-K/A,2005-04-21,Item 2.02
ARLP,8-K,2005-03-22,"Item 1.01,Item 9.01"
ARLP,10-K,2005-03-15,"Item 1,Item 2,Item 3,Item 4,Item 5,Item 6,Item 7,Item 7A,Item 8,Item 9,Item 9A,Item 9B,Item 10,Item 11,Item 12,Item 13,Item 14,Item 15"
ARLP,8-K/A,2005-03-07,"Item 8.01,Item 9.01"
ARLP,8-K,2005-03-01,"Item 7.01,Item 9.01"
ARLP,8-K/A,2005-02-22,"Item 8.01,Item 9.01"
ARLP,8-K,2005-01-27,Item 9.01
ARLP,8-K,2005-01-19,"Item 1.01,Item 9.01"
ARLP,8-K/A,2005-01-18,"Item 8.01,Item 9.01"
ARLP,8-K/A,2005-01-10,"Item 8.01,Item 9.01"
ARLP,8-K,2004-12-28,"Item 8.01,Item 9.01"
ARLP,10-Q,2004-11-08,"Item 1,Item 2,Item 3,Item 4,Item 5,Item 6"
ARLP,8-K,2004-10-27,"Item 8.01,Item 9.01"
ARLP,8-K,2004-09-13,"Item 2.02,Item 9.01"
ARLP,8-K,2004-09-03,"Item 8.01,Item 9.01"
ARLP,8-K,2004-07-28,"Item 12,Item 7"
ARLP,8-K,2004-06-08,Item 5
ARLP,8-K,2004-04-23,"Item 12,Item 7"
ARLP,8-K/A,2004-03-26,"Item 5,Item 7"
ARLP,8-K/A,2004-03-08,"Item 5,Item 7"
ARLP,8-K/A,2004-03-02,"Item 5,Item 7"
ARLP,8-K,2004-02-12,"Item 5,Item 7"
ARLP,8-K,2004-01-27,"Item 12,Item 7"
ARLP,8-K,2003-10-27,"Item 12,Item 7"
ARLP,8-K,2003-07-28,"Item 12,Item 7"
ARLP,8-K,2003-06-06,"Item 5,Item 7,Item 9"
ARLP,8-K/A,2003-05-13,Item 7
ARLP,8-K,2003-04-28,"Item 7,Item 9"
ARLP,8-K,2003-04-04,"Item 7,Item 9"
ARLP,8-K,2003-02-12,"Item 5,Item 7"
ARLP,8-K,2003-01-29,"Item 7,Item 9"
ARLP,8-K/A,2002-12-23,Item 7
ARLP,8-K,2002-11-15,"Item 5,Item 7,Item 9"
ARLP,8-K,2002-08-09,"Item 7,Item 9"
ARLP,8-K,2002-05-09,"Item 1,Item 5,Item 7"
ABTC,8-K,2025-11-14,"Item 2.02,Item 9.01"
ABTC,10-Q,2025-11-14,"Item 1,Item 2,Item 3,Item 4,Item 1A,Item 5,Item 6"
ABTC,8-K,2025-11-04,"Item 8.01,Item 9.01"
ABTC,8-K,2025-09-25,"Item 4.01,Item 9.01"
ABTC,8-K,2025-09-03,"Item 1.01,Item 9.01"
ABTC,8-K,2025-09-03,Item 1.02
ABTC,8-K,2025-09-02,"Item 8.01,Item 9.01"
ABTC,8-K,2025-08-29,"Item 5.07,Item 7.01,Item 9.01"
ABTC,10-Q,2025-08-14,"Item 2,Item 3,Item 4,Item 1,Item 1A,Item 5,Item 6"
ABTC,8-K/A,2025-07-03,Item 9.01
ABTC,8-K,2025-06-13,Item 9.01
ABTC,8-K,2025-06-10,"Item 8.01,Item 9.01"
ABTC,8-K,2025-06-05,"Item 1.01,Item 9.01"
ABTC,8-K,2025-05-27,Item 5.07
ABTC,10-Q,2025-05-15,"Item 2,Item 3,Item 4,Item 1,Item 1A,Item 5,Item 6"
ABTC,8-K,2025-05-12,"Item 1.01,Item 7.01,Item 9.01"
ABTC,8-K,2025-05-06,"Item 8.01,Item 9.01"
ABTC,8-K,2025-04-21,Item 9.01
ABTC,8-K,2025-04-01,"Item 2.02,Item 9.01"
ABTC,10-K,2025-03-31,"Item 1,Item 1A,Item 1B,Item 1C,Item 2,Item 3,Item 4,Item 5,Item 6,Item 7,Item 7A,Item 8,Item 9,Item 9A,Item 9B,Item 9C,Item 10,Item 11,Item 12,Item 13,Item 14,Item 15,Item 16"
ABTC,8-K,2025-03-14,Item 9.01
ABTC,8-K,2025-03-11,"Item 7.01,Item 9.01"
ABTC,8-K,2025-03-11,Item 9.01
ABTC,8-K,2025-03-03,"Item 1.02,Item 9.01"
ABTC,8-K,2025-02-26,"Item 1.01,Item 9.01"
ABTC,8-K,2025-01-31,"Item 7.01,Item 8.01,Item 9.01"
ABTC,8-K,2025-01-27,"Item 7.01,Item 8.01,Item 9.01"
ABTC,8-K,2025-01-14,"Item 7.01,Item 9.01"
ABTC,8-K,2025-01-13,"Item 1.01,Item 9.01"
ABTC,8-K,2025-01-10,"Item 1.01,Item 3.02,Item 7.01,Item 9.01"
ABTC,8-K,2024-12-16,"Item 1.01,Item 7.01,Item 8.01,Item 9.01"
ABTC,8-K,2024-12-10,"Item 7.01,Item 9.01"
ABTC,10-Q,2024-11-13,"Item 2,Item 3,Item 4,Item 1,Item 1A,Item 5,Item 6"
ABTC,8-K,2024-11-13,"Item 2.02,Item 9.01"
ABTC,8-K,2024-11-04,"Item 7.01,Item 9.01"
ABTC,8-K,2024-11-01,Item 1.02
ABTC,8-K,2024-10-28,"Item 1.01,Item 3.02,Item 7.01,Item 9.01"
ABTC,8-K,2024-10-25,"Item 8.01,Item 9.01"
ABTC,8-K,2024-09-27,"Item 1.01,Item 7.01,Item 9.01"
ABTC,8-K,2024-09-19,"Item 1.01,Item 7.01,Item 9.01"
ABTC,8-K,2024-09-13,Item 3.01
ABTC,8-K,2024-09-06,"Item 3.01,Item 7.01"
ABTC,8-K,2024-09-06,Item 5.07
ABTC,8-K,2024-08-29,"Item 1.01,Item 8.01,Item 9.01"
ABTC,8-K,2024-08-20,"Item 2.01,Item 8.01,Item 9.01"
ABTC,8-K,2024-08-14,"Item 2.02,Item 9.01"
ABTC,10-Q,2024-08-14,"Item 2,Item 3,Item 4,Item 1,Item 1A,Item 5,Item 6"
ABTC,8-K,2024-08-02,"Item 8.01,Item 9.01"
ABTC,8-K,2024-07-17,"Item 7.01,Item 9.01"
ABTC,8-K,2024-07-09,"Item 7.01,Item 9.01"
ABTC,8-K,2024-05-14,"Item 7.01,Item 9.01"
ABTC,8-K,2024-05-14,"Item 2.02,Item 9.01"
ABTC,10-Q,2024-05-14,"Item 2,Item 3,Item 4,Item 1,Item 1A,Item 5,Item 6"
ABTC,8-K,2024-04-26,"Item 4.01,Item 9.01"
ABTC,8-K,2024-04-22,"Item 8.01,Item 9.01"
ABTC,8-K,2024-04-19,"Item 1.01,Item 9.01"
ABTC,8-K,2024-04-19,"Item 8.01,Item 9.01"
ABTC,8-K,2024-04-01,"Item 2.02,Item 7.01,Item 8.01,Item 9.01"
ABTC,10-K,2024-04-01,"Item 1,Item 1A,Item 1B,Item 1C,Item 2,Item 3,Item 4,Item 5,Item 6,Item 7,Item 7A,Item 8,Item 9,Item 9A,Item 9B,Item 9C,Item 10,Item 11,Item 12,Item 13,Item 14,Item 15,Item 16"
ABTC,8-K,2024-03-18,"Item 7.01,Item 9.01"
ABTC,8-K,2024-02-22,Item 9.01
ABTC,8-K,2024-02-13,"Item 1.01,Item 1.02,Item 2.01,Item 3.03,Item 3.02,Item 9.01"
ABTC,8-K,2024-02-09,"Item 5.03,Item 9.01"
ABTC,8-K,2024-02-09,"Item 7.01,Item 9.01"
ABTC,8-K,2024-02-09,"Item 8.01,Item 9.01"
ABTC,8-K,2024-02-02,Item 9.01
ABTC,8-K,2024-02-02,Item 9.01
ABTC,8-K,2024-01-24,Item 9.01
ABTC,8-K,2024-01-12,Item 9.01
ABTC,8-K,2024-01-11,Item 9.01
ABTC,8-K/A,2024-01-04,"Item 2.01,Item 9.01"
ABTC,8-K,2024-01-04,"Item 5.07,Item 9.01"
ABTC,8-K,2023-12-29,"Item 1.01,Item 2.01,Item 9.01"
ABTC,8-K,2023-12-22,"Item 1.01,Item 3.02,Item 3.03,Item 9.01"
ABTC,8-K,2023-12-20,"Item 3.03,Item 5.03,Item 9.01"
ABTC,8-K,2023-12-06,"Item 5.08,Item 9.01"
ABTC,8-K,2023-11-21,Item 9.01
ABTC,8-K,2023-11-17,"Item 1.01,Item 3.02,Item 9.01"
ABTC,10-Q,2023-11-14,"Item 2,Item 3,Item 4,Item 1,Item 1A,Item 5,Item 6"
ABTC,8-K,2023-10-12,Item 3.02
ABTC,8-K,2023-10-04,"Item 1.01,Item 9.01"
ABTC,8-K,2023-09-22,Item 9.01
ABTC,8-K,2023-09-15,Item 3.02
ABTC,8-K,2023-09-07,Item 3.02
ABTC,10-Q,2023-08-14,"Item 2,Item 3,Item 4,Item 1,Item 1A,Item 5,Item 6"
ABTC,8-K,2023-08-10,Item 3.02
ABTC,8-K,2023-07-07,Item 3.02
ABTC,8-K,2023-06-15,"Item 1.01,Item 3.02"
ABTC,8-K,2023-06-08,Item 9.01
ABTC,8-K,2023-06-02,Item 9.01
ABTC,10-Q,2023-05-15,"Item 2,Item 3,Item 4,Item 1,Item 1A,Item 5,Item 6"
ABTC,10-K/A,2023-05-01,"Item 10,Item 11,Item 12,Item 13,Item 14,Item 15,Item 16"
ABTC,8-K,2023-05-01,"Item 1.01,Item 1.02,Item 9.01"
ABTC,8-K,2023-04-27,"Item 7.01,Item 9.01"
ABTC,8-K,2023-04-27,Item 9.01
ABTC,8-K,2023-04-07,Item 9.01
ABTC,8-K,2023-03-28,Item 9.01
ABTC,8-K,2023-03-24,"Item 2.02,Item 9.01"
ABTC,10-K,2023-03-21,"Item 1,Item 1A,Item 1B,Item 2,Item 3,Item 4,Item 5,Item 6,Item 7,Item 7A,Item 8,Item 9,Item 9A,Item 9B,Item 9C,Item 10,Item 11,Item 12,Item 13,Item 14,Item 15,Item 16"
ABTC,8-K,2023-02-15,Item 9.01
ABTC,8-K,2023-02-03,Item 3.02
ABTC,8-K,2023-02-01,Item 9.01
ABTC,8-K,2023-02-01,Item 9.01
ABTC,8-K,2023-01-27,"Item 1.01,Item 3.03,Item 9.01"
ABTC,8-K,2023-01-18,"Item 1.01,Item 2.01,Item 9.01"
ABTC,8-K,2022-12-01,"Item 8.01,Item 9.01"
ABTC,8-K,2022-11-18,"Item 1.01,Item 9.01"
ABTC,8-K,2022-11-16,"Item 8.01,Item 9.01"
ABTC,10-Q,2022-11-14,"Item 2,Item 3,Item 4,Item 1,Item 1A,Item 5,Item 6"
ABTC,8-K,2022-11-14,"Item 2.02,Item 9.01"
ABTC,8-K,2022-11-08,"Item 3.03,Item 8.01,Item 9.01"
ABTC,8-K,2022-10-07,"Item 1.01,Item 3.02,Item 3.03,Item 9.01"
ABTC,8-K,2022-10-03,"Item 3.02,Item 3.03,Item 8.01"
ABTC,8-K,2022-09-28,"Item 1.01,Item 9.01"
ABTC,8-K,2022-09-26,"Item 1.02,Item 9.01"
ABTC,8-K,2022-08-30,Item 9.01
ABTC,8-K,2022-08-19,Item 5.02
ABTC,10-Q,2022-08-12,"Item 2,Item 3,Item 4,Item 1,Item 1A,Item 5,Item 6"
ABTC,8-K,2022-08-10,"Item 2.02,Item 9.01"
ABTC,8-K,2022-07-29,Item 5.02
ABTC,8-K,2022-07-07,"Item 1.01,Item 3.03,Item 5.02,Item 9.01"
ABTC,8-K,2022-05-27,"Item 1.01,Item 2.05,Item 8.01,Item 9.01"
ABTC,8-K,2022-05-23,"Item 7.01,Item 9.01"
ABTC,8-K,2022-05-17,"Item 5.02,Item 9.01"
ABTC,10-Q,2022-05-16,"Item 2,Item 3,Item 4,Item 1,Item 1A,Item 5,Item 6"
ABTC,8-K,2022-05-13,"Item 7.01,Item 9.01"
ABTC,8-K,2022-05-09,"Item 2.02,Item 9.01"
ABTC,8-K,2022-04-04,Item 3.02
ABTC,8-K/A,2022-03-31,"Item 2.02,Item 9.01"
ABTC,10-K,2022-03-31,"Item 1,Item 1A,Item 1B,Item 2,Item 3,Item 4,Item 5,Item 6,Item 7,Item 7A,Item 8,Item 9,Item 9A,Item 9B,Item 9C,Item 10,Item 11,Item 12,Item 13,Item 14,Item 15,Item 16"
ABTC,8-K,2022-03-22,"Item 2.02,Item 8.01,Item 9.01"
ABTC,8-K,2022-01-21,"Item 5.02,Item 9.01"
ABTC,8-K/A,2021-12-14,"Item 2.01,Item 9.01"
ABTC,10-Q,2021-11-12,"Item 2,Item 3,Item 4,Item 1,Item 1A,Item 5,Item 6"
ABTC,8-K,2021-11-12,"Item 2.02,Item 9.01"
ABTC,8-K,2021-10-12,"Item 1.01,Item 1.02,Item 2.03,Item 3.02,Item 9.01"
ABTC,8-K,2021-10-05,"Item 1.01,Item 3.02,Item 7.01,Item 9.01"
ABTC,8-K,2021-10-04,"Item 1.01,Item 2.01,Item 3.02,Item 9.01"
ABTC,8-K,2021-09-21,"Item 1.01,Item 9.01"
ABTC,8-K,2021-09-14,"Item 7.01,Item 9.01"
ABTC,10-Q,2021-08-12,"Item 2,Item 3,Item 4,Item 1,Item 1A,Item 5,Item 6"
ABTC,8-K,2021-08-09,"Item 2.02,Item 9.01"
ABTC,8-K,2021-07-23,"Item 1.01,Item 9.01"
ABTC,8-K,2021-06-07,Item 5.07
ABTC,10-Q,2021-05-21,"Item 2,Item 3,Item 4,Item 1,Item 1A,Item 5,Item 6"
ABTC,8-K,2021-05-11,"Item 2.02,Item 9.01"
ABTC,8-K,2021-04-30,Item 5.02
ABTC,8-K,2021-04-26,Item 5.08
ABTC,8-K,2021-03-22,"Item 2.02,Item 9.01"
ABTC,8-K,2021-03-16,"Item 1.01,Item 3.02,Item 5.08"
ABTC,8-K,2021-03-11,"Item 7.01,Item 9.01"
ABTC,8-K,2021-02-03,Item 8.01
ABTC,8-K,2021-01-14,Item 3.02
ABTC,8-K,2020-12-23,Item 1.01
ABTC,8-K,2020-12-18,"Item 5.07,Item 9.01"
ABTC,8-K,2020-12-02,Item 8.01
ABTC,8-K,2020-11-19,"Item 5.03,Item 8.01,Item 9.01"
ABTC,10-Q,2020-11-16,"Item 2,Item 3,Item 4,Item 1,Item 1A,Item 5,Item 6"
ABTC,8-K,2020-11-12,"Item 2.02,Item 9.01"
ABTC,8-K,2020-11-05,"Item 2.02,Item 9.01"
ABTC,10-K/A,2020-10-28,"Item 10,Item 11,Item 12,Item 13,Item 14,Item 15,Item 16"
ABTC,8-K,2020-10-28,"Item 1.01,Item 8.01,Item 9.01"
ABTC,8-K,2020-10-01,Item 5.03
ABTC,10-K,2020-09-29,"Item 1,Item 1A,Item 1B,Item 2,Item 3,Item 4,Item 5,Item 6,Item 7,Item 7A,Item 8,Item 9,Item 9A,Item 9B,Item 10,Item 11,Item 12,Item 13,Item 14,Item 15,Item 16"
ABTC,8-K,2020-09-24,Item 5.02
ABTC,8-K/A,2020-09-23,"Item 2.02,Item 9.01"
ABTC,8-K,2020-09-23,"Item 2.02,Item 9.01"
ABTC,8-K,2020-09-18,"Item 2.02,Item 9.01"
ABTC,8-K,2020-08-04,"Item 2.01,Item 3.02,Item 9.01"
ABTC,8-K,2020-07-08,"Item 1.01,Item 2.01,Item 3.02,Item 3.03,Item 7.01,Item 9.01"
ABTC,8-K,2020-07-02,"Item 5.07,Item 9.01"
ABTC,8-K,2020-06-12,"Item 1.01,Item 3.02,Item 7.01,Item 9.01"
ABTC,8-K,2020-06-09,"Item 1.01,Item 3.02,Item 9.01"
ABTC,8-K/A,2020-05-29,"Item 2.01,Item 9.01"
ABTC,10-Q,2020-05-15,"Item 2,Item 3,Item 4,Item 1,Item 1A,Item 5,Item 6"
ABTC,8-K/A,2020-05-13,"Item 2.02,Item 9.01"
ABTC,8-K,2020-05-12,"Item 2.02,Item 9.01"
ABTC,8-K/A,2020-04-14,"Item 2.01,Item 3.02,Item 9.01"
ABTC,8-K,2020-04-09,"Item 3.02,Item 7.01,Item 8.01,Item 9.01"
ABTC,8-K,2020-03-03,Item 9.01
ABTC,10-Q,2020-02-12,"Item 2,Item 3,Item 4,Item 1,Item 1A,Item 5,Item 6"
ABTC,8-K,2020-02-12,"Item 2.02,Item 9.01"
ABTC,8-K,2020-01-22,"Item 8.01,Item 9.01"
ABTC,8-K,2019-12-23,"Item 5.02,Item 9.01"
ABTC,8-K,2019-12-18,Item 9.01
ABTC,8-K,2019-11-26,Item 9.01
ABTC,8-K,2019-11-18,"Item 7.01,Item 9.01"
ABTC,8-K,2019-11-14,"Item 2.02,Item 9.01"
ABTC,10-Q,2019-11-14,"Item 2,Item 3,Item 4,Item 1,Item 1A,Item 5,Item 6"
ABTC,8-K,2019-11-13,Item 5.07
ABTC,8-K,2019-11-08,"Item 7.01,Item 9.01"
ABTC,8-K,2019-10-30,"Item 8.01,Item 9.01"
ABTC,8-K,2019-10-01,"Item 5.02,Item 9.01"
ABTC,8-K,2019-09-26,"Item 5.02,Item 9.01"
ABTC,8-K,2019-09-23,"Item 2.02,Item 9.01"
ABTC,10-K,2019-09-23,"Item 1,Item 1A,Item 1B,Item 2,Item 3,Item 4,Item 5,Item 6,Item 7,Item 7A,Item 8,Item 9,Item 9A,Item 9B,Item 10,Item 11,Item 12,Item 13,Item 14,Item 15"
ABTC,8-K,2019-07-08,Item 5.02
ABTC,8-K,2019-07-02,"Item 8.01,Item 9.01"
ABTC,8-K,2019-06-21,"Item 1.01,Item 2.01,Item 2.02,Item 3.02,Item 3.03,Item 5.01,Item 5.03,Item 5.06,Item 8.01,Item 9.01"
ABTC,8-K,2019-06-20,Item 8.01
ABTC,8-K,2019-06-17,"Item 8.01,Item 9.01"
APLD,8-K,2025-11-20,"Item 1.01,Item 2.03,Item 9.01"
APLD,8-K,2025-11-14,"Item 8.01,Item 9.01"
APLD,8-K,2025-11-12,"Item 8.01,Item 9.01"
APLD,8-K,2025-11-10,"Item 7.01,Item 9.01"
APLD,8-K,2025-11-10,"Item 8.01,Item 9.01"
APLD,8-K,2025-11-06,"Item 5.02,Item 5.03,Item 5.07,Item 9.01"
APLD,8-K,2025-10-22,"Item 7.01,Item 9.01"
APLD,8-K,2025-10-21,"Item 1.01,Item 3.02,Item 5.03"
APLD,8-K,2025-10-17,Item 5.03
APLD,8-K,2025-10-09,"Item 1.01,Item 3.02,Item 8.01,Item 9.01"
APLD,10-Q,2025-10-09,"Item 1,Item 2,Item 3,Item 4,Item 1A,Item 5,Item 6"
APLD,8-K,2025-10-09,"Item 2.02,Item 9.01"
APLD,8-K,2025-09-26,Item 5.03
ARBK,6-K,2021-11-17,"Item 1.01,Item 2.03,Item 9.01"
ARBK,6-K,2021-11-15,Item 1.01
BTOG,6-K,2025-08-01,Material Agreement
BTOG,6-K,2025-07-17,"Material Agreement,Unregistered Sales,Regulation FD"
BTOG,6-K,2021-04-20,"Accountant Changes,Item 9.01"
BTOG,6-K,2020-06-30,Results of Operations
BTOG,6-K,2020-05-22,Material Agreement
BTOG,6-K,2020-05-05,"Accountant Changes,Item 9.01"
BTOG,6-K,2020-04-03,Item 1.01
BTOG,6-K,2019-04-01,Material Agreement
BTDR,6-K,2024-05-31,Material Agreement
FUFU,6-K,2024-08-20,Regulation FD
FUFU,6-K,2024-08-05,Regulation FD
BMNR,8-K,2025-11-24,"Item 7.01,Item 9.01"
BMNR,10-K,2025-11-21,"Item 1,Item 1A,Item 1B,Item 1C,Item 2,Item 3,Item 4,Item 5,Item 6,Item 7,Item 7A,Item 8,Item 9,Item 9A,Item 9B,Item 9C,Item 10,Item 11,Item 12,Item 13,Item 14,Item 15,Item 16"
BMNR,8-K,2025-11-21,"Item 7.01,Item 9.01"
BMNR,8-K,2025-11-19,"Item 7.01,Item 9.01"
BMNR,8-K,2025-11-17,"Item 7.01,Item 9.01"
BMNR,8-K,2025-11-14,"Item 7.01,Item 9.01"
BMNR,8-K,2025-11-10,"Item 7.01,Item 9.01"
BMNR,8-K,2025-11-03,"Item 7.01,Item 9.01"
BMNR,8-K,2025-10-30,"Item 7.01,Item 9.01"
BMNR,8-K,2025-10-27,"Item 7.01,Item 9.01"
BMNR,8-K,2025-10-20,"Item 7.01,Item 9.01"
BMNR,8-K,2025-10-14,"Item 7.01,Item 9.01"
BMNR,8-K,2025-10-06,"Item 7.01,Item 9.01"
BMNR,8-K,2025-09-29,"Item 7.01,Item 9.01"
BMNR,8-K,2025-09-22,"Item 1.01,Item 7.01,Item 9.01"
BMNR,8-K,2025-09-22,"Item 7.01,Item 9.01"
BMNR,8-K,2025-09-15,"Item 7.01,Item 9.01"
BMNR,8-K,2025-09-10,Item 9.01
BMNR,8-K,2025-09-08,"Item 7.01,Item 9.01"
BMNR,8-K,2025-09-05,"Item 7.01,Item 9.01"
BMNR,8-K,2025-09-04,Item 9.01
BMNR,8-K,2025-09-02,"Item 7.01,Item 9.01"
BMNR,8-K,2025-08-28,"Item 7.01,Item 9.01"
BMNR,8-K/A,2025-08-25,"Item 7.01,Item 9.01"
BMNR,8-K,2025-08-25,"Item 7.01,Item 9.01"
BMNR,8-K,2025-08-18,"Item 7.01,Item 9.01"
BMNR,8-K,2025-08-12,"Item 8.01,Item 9.01"
BMNR,8-K,2025-08-11,"Item 7.01,Item 9.01"
BMNR,8-K,2025-08-04,"Item 7.01,Item 9.01"
BMNR,8-K,2025-07-29,"Item 1.01,Item 7.01,Item 9.01"
BMNR,8-K,2025-07-28,"Item 7.01,Item 9.01"
BMNR,8-K,2025-07-24,"Item 8.01,Item 9.01"
BMNR,8-K,2025-07-24,"Item 7.01,Item 9.01"
BMNR,8-K,2025-07-22,"Item 7.01,Item 9.01"
BMNR,8-K,2025-07-17,"Item 7.01,Item 9.01"
BMNR,8-K,2025-07-14,"Item 7.01,Item 9.01"
BMNR,8-K,2025-07-09,"Item 1.01,Item 9.01"
BMNR,8-K,2025-07-09,"Item 1.01,Item 3.02,Item 8.01,Item 9.01"
BMNR,8-K,2025-07-09,"Item 8.01,Item 9.01"
BMNR,8-K,2025-07-03,"Item 1.01,Item 9.01"
BMNR,10-Q,2025-07-02,"Item 1,Item 2,Item 3,Item 4,Item 1A,Item 5,Item 6"
BMNR,8-K,2025-07-02,Item 8.01
BMNR,8-K,2025-06-30,"Item 7.01,Item 9.01"
BMNR,8-K,2025-06-18,"Item 7.01,Item 9.01"
BMNR,8-K,2025-06-10,"Item 1.01,Item 7.01,Item 8.01,Item 9.01"
BMNR,8-K,2025-06-02,"Item 7.01,Item 9.01"
BMNR,8-K,2025-05-29,"Item 1.01,Item 9.01"
BMNR,8-K,2025-05-20,"Item 1.01,Item 7.01,Item 9.01"
BMNR,8-K,2025-05-16,"Item 8.01,Item 9.01"
BMNR,10-Q,2025-04-14,"Item 1,Item 2,Item 3,Item 4,Item 1A,Item 5,Item 6"
BMNR,10-K/A,2025-04-03,"Item 1,Item 1A,Item 1B,Item 1C,Item 2,Item 3,Item 4,Item 5,Item 6,Item 7,Item 7A,Item 8,Item 9,Item 9A,Item 9B,Item 9C,Item 10,Item 11,Item 12,Item 13,Item 14,Item 15,Item 16"
BMNR,8-K,2025-01-13,"Item 2.02,Item 9.01"
BMNR,10-Q,2025-01-10,"Item 1,Item 2,Item 3,Item 4,Item 1A,Item 5,Item 6"
BMNR,8-K,2024-12-11,"Item 2.02,Item 9.01"
BMNR,10-K,2024-12-09,"Item 1,Item 1A,Item 1B,Item 1C,Item 2,Item 3,Item 4,Item 5,Item 6,Item 7,Item 7A,Item 8,Item 9,Item 9A,Item 9B,Item 9C,Item 10,Item 11,Item 12,Item 13,Item 14,Item 15,Item 16"
BMNR,8-K,2024-11-20,Item 2.01
BMNR,8-K,2024-11-07,"Item 1.01,Item 3.02,Item 3.03,Item 9.01"
BMNR,8-K,2024-07-18,"Item 2.02,Item 8.01,Item 9.01"
BMNR,10-Q,2024-07-15,"Item 1,Item 2,Item 3,Item 4,Item 1A,Item 5,Item 6"
BMNR,8-K,2024-05-07,"Item 4.01,Item 9.01"
BMNR,10-Q,2024-04-15,"Item 1,Item 2,Item 3,Item 4,Item 1A,Item 5,Item 6"
BMNR,8-K,2024-02-28,"Item 2.02,Item 9.01"
BMNR,8-K,2024-01-17,"Item 8.01,Item 9.01"
BMNR,10-Q,2024-01-12,"Item 1,Item 2,Item 3,Item 4,Item 1A,Item 5,Item 6"
BMNR,10-K,2023-12-14,"Item 1,Item 1A,Item 1B,Item 2,Item 3,Item 4,Item 5,Item 6,Item 7,Item 7A,Item 8,Item 9,Item 9A,Item 9B,Item 9C,Item 10,Item 11,Item 12,Item 13,Item 14,Item 15,Item 16"
BMNR,8-K,2023-11-30,"Item 8.01,Item 9.01"
BMNR,8-K,2023-10-18,"Item 8.01,Item 9.01"
BMNR,8-K,2023-08-14,"Item 8.01,Item 9.01"
BMNR,10-Q,2023-07-14,"Item 1,Item 2,Item 3,Item 4,Item 1A,Item 5,Item 6"
BMNR,8-K,2023-05-19,"Item 8.01,Item 9.01"
BMNR,10-Q,2023-04-13,"Item 1,Item 2,Item 3,Item 4,Item 1A,Item 5,Item 6"
BMNR,10-Q,2023-01-05,"Item 1,Item 2,Item 3,Item 4,Item 1A,Item 5,Item 6"
BMNR,10-K,2022-12-09,"Item 1,Item 1A,Item 1B,Item 2,Item 3,Item 4,Item 5,Item 6,Item 7,Item 7A,Item 8,Item 9,Item 9A,Item 9B,Item 9C,Item 10,Item 11,Item 12,Item 13,Item 14,Item 15,Item 16"
BMNR,8-K,2022-10-19,"Item 1.01,Item 2.01,Item 8.01,Item 9.01"
BMNR,8-K,2022-09-06,"Item 1.01,Item 3.02,Item 3.03,Item 9.01"
BMNR,10-Q,2022-07-14,"Item 1,Item 2,Item 3,Item 4,Item 1A,Item 5,Item 6"
BMNR,8-K,2022-05-27,"Item 7.01,Item 9.01"
BMNR,10-Q,2022-04-18,"Item 1,Item 2,Item 3,Item 4,Item 1A,Item 5,Item 6"
BMNR,8-K,2022-02-28,"Item 2.01,Item 7.01,Item 9.01"
BMNR,10-Q,2022-01-11,"Item 1,Item 2,Item 3,Item 4,Item 1A,Item 5,Item 6"
BMNR,10-K,2021-12-09,"Item 1,Item 1A,Item 1B,Item 2,Item 3,Item 4,Item 5,Item 6,Item 7,Item 7A,Item 8,Item 9,Item 9A,Item 9B,Item 9C,Item 10,Item 11,Item 12,Item 13,Item 14,Item 15,Item 16"
BMNR,8-K/A,2021-10-29,"Item 1.01,Item 7.01,Item 9.01"
BMNR,8-K/A,2021-09-09,"Item 1.01,Item 3.02,Item 3.03,Item 5.01,Item 5.06,Item 5.07,Item 8.01,Item 9.01"
BMNR,8-K/A,2021-08-16,"Item 1.01,Item 3.02,Item 3.03,Item 5.01,Item 5.06,Item 5.07,Item 8.01,Item 9.01"
BMNR,10-Q,2021-07-30,"Item 1,Item 2,Item 3,Item 4,Item 1A,Item 5,Item 6"
BMNR,8-K,2021-07-27,"Item 3.02,Item 3.03,Item 5.01,Item 5.06,Item 5.07,Item 8.01,Item 9.01"
BMNR,10-Q,2021-04-15,"Item 1,Item 2,Item 3,Item 4,Item 1A,Item 5,Item 6"
CAN,6-K,2022-06-23,"Item 1.01,Item 9.01"
CIFR,8-K,2025-11-24,"Item 1.01,Item 9.01"
CIFR,8-K,2025-11-20,"Item 1.01,Item 7.01,Item 8.01,Item 9.01"
CIFR,8-K,2025-11-13,"Item 1.01,Item 9.01"
CIFR,8-K,2025-11-06,"Item 8.01,Item 9.01"
CIFR,8-K,2025-11-04,"Item 8.01,Item 9.01"
CIFR,8-K,2025-11-04,"Item 7.01,Item 9.01"
CIFR,10-Q,2025-11-03,"Item 1,Item 2,Item 3,Item 4,Item 1A,Item 5,Item 6"
CIFR,8-K,2025-11-03,"Item 2.02,Item 7.01,Item 9.01"
CIFR,8-K/A,2025-10-23,Item 5.07
CLSK,10-K,2025-11-25,"Item 1,Item 1A,Item 1B,Item 1C,Item 2,Item 3,Item 4,Item 5,Item 6,Item 7,Item 7A,Item 8,Item 9,Item 9A,Item 9B,Item 9C,Item 10,Item 11,Item 12,Item 13,Item 14,Item 15"
CLSK,8-K,2025-11-25,"Item 2.02,Item 9.01"
CLSK,8-K,2025-11-13,"Item 1.01,Item 2.03,Item 3.02,Item 8.01,Item 9.01"
CLSK,8-K,2025-11-12,"Item 8.01,Item 9.01"
CLSK,8-K,2025-11-10,"Item 8.01,Item 7.01,Item 9.01"
CLSK,8-K,2025-10-29,"Item 8.01,Item 9.01"
CLSK,8-K,2025-10-29,"Item 8.01,Item 7.01,Item 9.01"
CLSK,8-K,2025-09-26,"Item 5.03,Item 5.05,Item 9.01"
CLSK,8-K,2025-09-25,"Item 1.01,Item 2.03,Item 7.01,Item 9.01"
CLSK,8-K,2025-09-23,"Item 1.01,Item 2.03,Item 7.01,Item 9.01"
CLSK,8-K,2025-09-08,"Item 5.02,Item 7.01,Item 9.01"
CLSK,8-K,2025-08-11,"Item 5.02,Item 7.01,Item 9.01"
CLSK,8-K,2025-08-08,"Item 2.02,Item 9.01"
CLSK,10-Q,2025-08-07,"Item 1,Item 2,Item 3,Item 4,Item 1A,Item 5,Item 6"
CLSK,10-Q,2025-05-08,"Item 1,Item 2,Item 3,Item 4,Item 1A,Item 5,Item 6"
CLSK,8-K,2025-05-08,"Item 2.02,Item 9.01"
CLSK,8-K,2025-04-25,"Item 5.02,Item 9.01"
CLSK,8-K,2025-04-16,"Item 1.01,Item 2.03,Item 8.01,Item 9.01"
CLSK,8-K,2025-03-04,"Item 5.07,Item 9.01"
CLSK,10-Q,2025-02-06,"Item 1,Item 2,Item 3,Item 4,Item 1A,Item 5,Item 6"
CLSK,8-K,2025-02-06,"Item 2.02,Item 9.01"
CORZ,8-K,2025-10-31,"Item 5.07,Item 9.01"
CORZ,8-K,2025-10-30,"Item 7.01,Item 9.01"
CORZ,8-K,2025-10-30,"Item 1.02,Item 7.01,Item 9.01"
CORZ,8-K,2025-10-30,"Item 7.01,Item 9.01"
CORZ,10-Q,2025-10-24,"Item 1,Item 2,Item 3,Item 4,Item 1A,Item 5,Item 6"
CORZ,8-K,2025-10-24,"Item 2.02,Item 7.01,Item 9.01"
CORZ,8-K,2025-10-22,Item 8.01
CORZ,8-K,2025-10-15,"Item 7.01,Item 9.01"
CORZ,8-K,2025-10-14,"Item 7.01,Item 9.01"
CORZ,10-Q,2025-08-08,"Item 1,Item 2,Item 3,Item 4,Item 1A,Item 5,Item 6"
CORZ,8-K,2025-08-08,"Item 2.02,Item 7.01,Item 9.01"
CORZ,8-K,2025-07-07,"Item 1.01,Item 5.02,Item 9.01"
CORZ,8-K,2025-07-07,"Item 7.01,Item 9.01"
CORZ,8-K,2025-05-27,Item 9.01
CORZ,8-K,2025-05-16,"Item 5.02,Item 7.01,Item 9.01"
CORZ,8-K,2025-05-13,"Item 5.02,Item 9.01"
CORZ,10-Q,2025-05-07,"Item 1,Item 2,Item 3,Item 4,Item 1A,Item 5,Item 6"
CORZ,8-K,2025-05-07,"Item 2.02,Item 7.01,Item 9.01"
CORZ,8-K,2025-05-02,"Item 5.02,Item 9.01"
CORZ,8-K,2025-04-07,"Item 7.01,Item 9.01"
GREE,8-K,2025-11-26,Item 8.01
GREE,8-K,2025-11-14,Item 5.02
GREE,10-Q,2025-11-13,"Item 1,Item 2,Item 3,Item 4,Item 1A,Item 6"
GREE,8-K,2025-11-13,Item 9.01
GREE,8-K,2025-11-10,Item 9.01
GREE,8-K,2025-11-06,Item 9.01
GREE,8-K,2025-10-22,Item 9.01
GREE,8-K,2025-10-06,Item 9.01
GREE,8-K,2025-09-29,Item 9.01
GREE,8-K,2025-09-12,Item 9.01
GREE,8-K,2025-08-27,Item 9.01
GREE,8-K,2025-08-25,Item 9.01
GREE,10-Q,2025-08-13,"Item 1,Item 2,Item 3,Item 4,Item 1A,Item 5,Item 6"
GREE,8-K,2025-08-13,Item 9.01
GREE,8-K,2025-08-06,"Item 1.01,Item 9.01"
GREE,8-K,2025-07-21,"Item 1.01,Item 9.01"
GREE,8-K,2025-06-17,"Item 5.02,Item 5.07,Item 9.01"
GREE,8-K,2025-05-15,Item 9.01
GREE,10-Q,2025-05-15,"Item 1,Item 2,Item 3,Item 4,Item 1A,Item 5,Item 6"
GREE,8-K,2025-05-07,"Item 1.01,Item 9.01"
HUT,8-K,2025-11-17,"Item 7.01,Item 9.01"
HUT,8-K,2025-11-04,"Item 2.02,Item 9.01"
HUT,10-Q,2025-11-04,"Item 1,Item 2,Item 3,Item 4,Item 1A,Item 5,Item 6"
HUT,8-K,2025-09-03,Item 8.01
HUT,8-K,2025-08-29,"Item 1.01,Item 9.01"
HUT,8-K,2025-08-22,"Item 8.01,Item 9.01"
HUT,8-K,2025-08-07,"Item 2.02,Item 9.01"
HUT,10-Q,2025-08-07,"Item 1,Item 2,Item 3,Item 4,Item 1A,Item 5,Item 6"
HUT,8-K,2025-06-30,Item 3.02
HUT,8-K,2025-06-23,"Item 1.01,Item 2.03,Item 5.07,Item 9.01"
HUT,8-K,2025-05-12,"Item 7.01,Item 8.01,Item 9.01"
HUT,8-K,2025-05-08,"Item 2.02,Item 9.01"
HUT,10-Q,2025-05-08,"Item 1,Item 2,Item 3,Item 4,Item 1A,Item 5,Item 6"
GPUS,8-K,2025-11-18,"Item 7.01,Item 9.01"
GPUS,10-Q,2025-11-17,"Item 1,Item 2,Item 3,Item 4,Item 1A,Item 5,Item 6"
GPUS,8-K,2025-11-07,"Item 5.03,Item 9.01"
GPUS,8-K,2025-11-06,"Item 7.01,Item 9.01"
GPUS,8-K,2025-10-31,"Item 3.02,Item 9.01"
GPUS,8-K,2025-10-17,"Item 7.01,Item 9.01"
GPUS,8-K,2025-10-10,"Item 3.02,Item 9.01"
GPUS,8-K,2025-09-29,"Item 3.02,Item 9.01"
GPUS,8-K,2025-09-22,"Item 7.01,Item 9.01"
GPUS,8-K,2025-09-17,"Item 3.02,Item 7.01,Item 9.01"
GPUS,8-K,2025-09-03,"Item 1.01,Item 3.02,Item 9.01"
GPUS,8-K,2025-08-29,"Item 1.01,Item 7.01,Item 9.01"
GPUS,8-K,2025-08-27,"Item 5.03,Item 9.01"
GPUS,10-Q,2025-08-15,"Item 1,Item 2,Item 3,Item 4,Item 1A,Item 5,Item 6"
GPUS,8-K,2025-08-15,"Item 7.01,Item 9.01"
GPUS,8-K,2025-08-04,"Item 2.02,Item 9.01"
GPUS,8-K,2025-08-01,"Item 3.02,Item 9.01"
GPUS,8-K,2025-08-01,"Item 1.01,Item 7.01,Item 9.01"
GPUS,8-K,2025-07-24,"Item 3.02,Item 9.01"
GPUS,8-K,2025-07-17,"Item 2.02,Item 9.01"
GPUS,8-K,2025-07-16,"Item 3.02,Item 7.01,Item 9.01"
GPUS,8-K,2025-07-10,"Item 3.02,Item 9.01"
GPUS,8-K,2025-07-01,"Item 3.02,Item 9.01"
GPUS,8-K,2025-06-20,"Item 3.02,Item 9.01"
GPUS,8-K,2025-06-18,"Item 7.01,Item 9.01"
GPUS,8-K,2025-06-17,"Item 7.01,Item 9.01"
GPUS,8-K,2025-06-13,"Item 3.02,Item 9.01"
GPUS,8-K,2025-06-10,"Item 1.01,Item 7.01,Item 9.01"
GPUS,8-K,2025-06-09,"Item 1.01,Item 2.02,Item 9.01"
GPUS,8-K,2025-06-04,"Item 1.01,Item 3.02,Item 9.01"
GPUS,8-K,2025-05-29,"Item 1.02,Item 9.01"
GPUS,8-K,2025-05-20,"Item 7.01,Item 9.01"
GPUS,10-Q,2025-05-20,"Item 1,Item 2,Item 3,Item 4,Item 1A,Item 5,Item 6"
GPUS,8-K,2025-05-19,"Item 5.07,Item 9.01"
GPUS,8-K,2025-05-05,"Item 2.02,Item 9.01"
GPUS,8-K,2025-05-02,"Item 5.02,Item 9.01"
GPUS,8-K,2025-04-30,"Item 4.01,Item 9.01"
GPUS,8-K,2025-04-25,"Item 5.03,Item 9.01"
GPUS,8-K,2025-04-17,"Item 7.01,Item 9.01"
GPUS,8-K,2025-04-16,"Item 1.01,Item 2.03,Item 3.02,Item 9.01"
GPUS,10-K,2025-04-15,"Item 1,Item 1A,Item 1B,Item 1C,Item 2,Item 3,Item 4,Item 5,Item 6,Item 7,Item 7A,Item 8,Item 9,Item 9A,Item 9B,Item 9C,Item 10,Item 11,Item 12,Item 13,Item 14,Item 15,Item 16"
GPUS,8-K,2025-04-11,Item 3.02
GPUS,8-K,2025-04-09,"Item 2.03,Item 3.02,Item 9.01"
GPUS,8-K,2025-04-01,"Item 2.03,Item 3.02,Item 9.01"
GPUS,8-K,2025-04-01,"Item 1.01,Item 3.02,Item 7.01,Item 9.01"
GPUS,8-K,2025-04-01,"Item 5.03,Item 9.01"
GPUS,8-K/A,2025-03-31,"Item 1.01,Item 9.01"
GPUS,8-K,2025-03-27,"Item 5.07,Item 9.01"
GPUS,8-K,2025-03-24,"Item 1.01,Item 2.03,Item 3.02,Item 9.01"
GPUS,8-K,2025-03-20,"Item 7.01,Item 9.01"
GPUS,8-K,2025-03-17,"Item 1.01,Item 2.03,Item 3.02,Item 9.01"
GPUS,8-K,2025-03-05,"Item 3.01,Item 9.01"
GPUS,8-K,2025-03-03,"Item 2.02,Item 9.01"
GPUS,8-K,2025-02-26,"Item 1.01,Item 2.03,Item 3.02,Item 9.01"
GPUS,8-K,2025-02-18,"Item 7.01,Item 9.01"
GPUS,8-K,2025-02-10,"Item 5.03,Item 9.01"
GPUS,8-K,2025-02-06,"Item 1.01,Item 2.03,Item 3.02,Item 9.01"
GPUS,8-K,2025-01-17,"Item 7.01,Item 9.01"
GPUS,8-K,2025-01-08,"Item 1.01,Item 3.02,Item 9.01"
GPUS,8-K,2025-01-06,"Item 1.01,Item 3.02,Item 9.01"
GPUS,8-K/A,2025-01-06,"Item 1.01,Item 7.01,Item 9.01"
GPUS,8-K/A,2025-01-03,"Item 1.01,Item 7.01,Item 9.01"
GPUS,8-K,2024-12-23,"Item 1.01,Item 3.01,Item 3.02,Item 9.01"
GPUS,8-K,2024-12-23,"Item 1.01,Item 7.01,Item 9.01"
GPUS,8-K,2024-12-20,"Item 7.01,Item 9.01"
GPUS,8-K,2024-12-16,"Item 1.01,Item 2.01,Item 7.01,Item 9.01"
GPUS,8-K,2024-12-13,"Item 1.01,Item 3.02,Item 9.01"
GPUS,8-K,2024-12-11,"Item 1.01,Item 2.03,Item 3.02,Item 9.01"
GPUS,8-K,2024-12-06,"Item 1.01,Item 3.02,Item 9.01"
GPUS,8-K,2024-11-26,"Item 7.01,Item 9.01"
GPUS,8-K,2024-11-25,"Item 5.03,Item 9.01"
GPUS,8-K,2024-11-21,"Item 1.01,Item 3.02,Item 9.01"
GPUS,8-K,2024-11-20,"Item 5.03,Item 9.01"
GPUS,10-Q,2024-11-19,"Item 1,Item 2,Item 3,Item 4,Item 1A,Item 5,Item 6"
GPUS,8-K,2024-11-19,"Item 7.01,Item 9.01"
GPUS,8-K,2024-11-15,"Item 1.01,Item 3.02,Item 9.01"
GPUS,8-K,2024-11-12,"Item 5.03,Item 7.01,Item 9.01"
GPUS,8-K/A,2024-11-01,"Item 1.01,Item 9.01"
GPUS,8-K,2024-10-25,"Item 1.01,Item 3.02,Item 9.01"
GPUS,8-K,2024-10-21,"Item 1.01,Item 3.02,Item 9.01"
GPUS,8-K,2024-10-17,"Item 7.01,Item 9.01"
GPUS,8-K,2024-10-16,"Item 1.01,Item 3.02,Item 9.01"
GPUS,8-K,2024-10-10,"Item 1.01,Item 3.02,Item 9.01"
GPUS,8-K,2024-10-03,"Item 1.01,Item 9.01"
GPUS,10-K/A,2024-09-24,"Item 8,Item 15"
GPUS,8-K,2024-09-19,"Item 7.01,Item 9.01"
GPUS,8-K/A,2024-09-17,"Item 1.01,Item 9.01"
GPUS,8-K,2024-09-06,"Item 5.03,Item 9.01"
GPUS,8-K,2024-08-26,"Item 5.07,Item 9.01"
GPUS,8-K,2024-08-20,"Item 7.01,Item 9.01"
GPUS,8-K,2024-08-19,"Item 2.02,Item 9.01"
GPUS,10-Q,2024-08-16,"Item 1,Item 2,Item 3,Item 4,Item 1A,Item 5,Item 6"
GPUS,8-K,2024-08-05,"Item 1.01,Item 3.02,Item 9.01"
GPUS,8-K,2024-07-19,"Item 1.01,Item 2.03,Item 9.01"
GPUS,8-K,2024-07-18,"Item 7.01,Item 9.01"
GPUS,8-K,2024-06-28,"Item 5.07,Item 9.01"
GPUS,8-K,2024-06-21,"Item 1.01,Item 3.02,Item 9.01"
GPUS,8-K,2024-06-18,"Item 7.01,Item 9.01"
GPUS,8-K,2024-06-05,"Item 1.01,Item 2.03,Item 9.01"
GPUS,8-K,2024-05-21,"Item 2.02,Item 9.01"
GPUS,10-Q,2024-05-20,"Item 1,Item 2,Item 3,Item 4,Item 1A,Item 5,Item 6"
GPUS,8-K,2024-05-17,"Item 7.01,Item 9.01"
GPUS,8-K,2024-05-16,"Item 1.01,Item 9.01"
GPUS,8-K,2024-04-30,"Item 1.01,Item 2.03,Item 9.01"
GPUS,8-K,2024-04-29,"Item 2.02,Item 9.01"
GPUS,8-K,2024-04-18,"Item 1.01,Item 3.02,Item 7.01,Item 9.01"
GPUS,8-K,2024-04-17,Item 5.02
GPUS,10-K,2024-04-16,"Item 1,Item 1A,Item 1B,Item 1C,Item 2,Item 3,Item 4,Item 5,Item 6,Item 7,Item 7A,Item 8,Item 9,Item 9A,Item 9B,Item 9C,Item 10,Item 11,Item 12,Item 13,Item 14,Item 15,Item 16"
GPUS,8-K,2024-04-16,"Item 1.01,Item 9.01"
GPUS,8-K,2024-04-04,"Item 5.03,Item 9.01"
GPUS,8-K/A,2024-03-26,"Item 1.01,Item 9.01"
GPUS,8-K,2024-03-19,"Item 1.01,Item 3.02,Item 9.01"
GPUS,8-K,2024-03-18,"Item 7.01,Item 9.01"
GPUS,8-K,2024-03-12,"Item 1.01,Item 2.03,Item 9.01"
GPUS,8-K,2024-03-08,"Item 1.01,Item 3.02,Item 9.01"
GPUS,8-K,2024-02-28,"Item 2.02,Item 9.01"
GPUS,8-K,2024-02-16,"Item 7.01,Item 9.01"
GPUS,8-K,2024-01-18,"Item 7.01,Item 9.01"
GPUS,8-K,2024-01-12,"Item 5.03,Item 5.07,Item 7.01,Item 9.01"
GPUS,8-K,2023-12-29,"Item 5.07,Item 7.01,Item 9.01"
GPUS,8-K,2023-12-26,"Item 7.01,Item 9.01"
GPUS,8-K,2023-12-19,"Item 7.01,Item 9.01"
GPUS,8-K,2023-12-15,"Item 1.01,Item 2.03,Item 3.02,Item 7.01,Item 9.01"
GPUS,8-K,2023-12-12,"Item 5.03,Item 9.01"
GPUS,8-K,2023-11-21,"Item 5.03,Item 9.01"
GPUS,10-Q,2023-11-20,"Item 1,Item 2,Item 3,Item 4,Item 1A,Item 5,Item 6"
GPUS,8-K,2023-11-17,"Item 3.01,Item 7.01,Item 9.01"
GPUS,8-K,2023-11-15,"Item 1.01,Item 9.01"
GPUS,8-K,2023-11-07,"Item 1.01,Item 7.01,Item 9.01"
GPUS,8-K,2023-10-23,"Item 2.02,Item 9.01"
GPUS,8-K,2023-10-20,"Item 7.01,Item 9.01"
GPUS,8-K,2023-10-16,"Item 7.01,Item 3.02,Item 9.01"
GPUS,8-K,2023-10-12,"Item 5.03,Item 9.01"
GPUS,8-K,2023-09-28,"Item 1.01,Item 2.03,Item 9.01"
GPUS,8-K,2023-09-19,"Item 7.01,Item 9.01"
GPUS,8-K,2023-09-11,"Item 1.01,Item 2.03,Item 9.01"
GPUS,8-K,2023-09-08,"Item 1.01,Item 9.01"
GPUS,8-K,2023-09-01,"Item 1.01,Item 2.03,Item 9.01"
GPUS,10-Q,2023-08-21,"Item 1,Item 2,Item 3,Item 4,Item 1A,Item 5,Item 6"
GPUS,8-K,2023-08-18,"Item 5.03,Item 7.01,Item 9.01"
GPUS,8-K/A,2023-08-16,"Item 1.01,Item 2.03,Item 3.02,Item 3.03,Item 9.01"
GPUS,8-K,2023-08-15,"Item 7.01,Item 9.01"
GPUS,8-K,2023-08-03,"Item 1.01,Item 1.03,Item 3.02,Item 3.03,Item 9.01"
GPUS,8-K,2023-07-26,"Item 2.02,Item 9.01"
GPUS,8-K,2023-07-21,"Item 7.01,Item 9.01"
GPUS,8-K,2023-07-20,"Item 1.01,Item 2.03,Item 9.01"
GPUS,8-K,2023-07-13,"Item 1.01,Item 9.01"
GPUS,8-K,2023-06-20,"Item 7.01,Item 9.01"
GPUS,8-K,2023-06-14,"Item 1.01,Item 2.03,Item 9.01"
GPUS,8-K,2023-06-09,"Item 1.01,Item 9.01"
GPUS,10-Q,2023-05-22,"Item 1,Item 2,Item 3,Item 4,Item 1A,Item 5,Item 6"
GPUS,8-K/A,2023-05-22,Item 9.01
GPUS,10-K/A,2023-05-22,"Item 1,Item 1A,Item 1B,Item 2,Item 3,Item 4,Item 5,Item 6,Item 7,Item 7A,Item 8,Item 9,Item 9A,Item 9B,Item 9C,Item 10,Item 11,Item 12,Item 13,Item 14,Item 15,Item 16"
GPUS,8-K,2023-05-22,Item 9.01
GPUS,8-K,2023-05-19,"Item 7.01,Item 9.01"
GPUS,8-K/A,2023-05-17,"Item 1.01,Item 9.01"
GPUS,8-K,2023-05-16,"Item 5.03,Item 7.01,Item 9.01"
GPUS,8-K,2023-05-15,"Item 5.07,Item 9.01"
GPUS,8-K,2023-05-02,"Item 1.01,Item 7.01,Item 9.01"
GPUS,8-K,2023-04-20,"Item 7.01,Item 9.01"
GPUS,10-K,2023-04-17,"Item 1,Item 1A,Item 1B,Item 2,Item 3,Item 4,Item 5,Item 6,Item 7,Item 7A,Item 8,Item 9,Item 9A,Item 9B,Item 9C,Item 10,Item 11,Item 12,Item 13,Item 14,Item 15,Item 16"
GPUS,10-Q/A,2023-04-14,"Item 1,Item 2,Item 3,Item 4,Item 1A,Item 5,Item 6"
GPUS,10-K/A,2023-04-14,"Item 1,Item 1A,Item 1B,Item 2,Item 3,Item 4,Item 5,Item 6,Item 7,Item 7A,Item 8,Item 9,Item 9A,Item 9B,Item 9C,Item 10,Item 11,Item 12,Item 13,Item 14,Item 15,Item 16"
GPUS,10-Q/A,2023-04-14,"Item 1,Item 2,Item 3,Item 4,Item 1A,Item 5,Item 6"
GPUS,10-Q/A,2023-04-14,"Item 1,Item 2,Item 3,Item 4,Item 1A,Item 5,Item 6"
GPUS,8-K,2023-04-14,Item 9.01
GPUS,8-K,2023-03-30,"Item 1.01,Item 3.02,Item 3.03,Item 5.03,Item 9.01"
GPUS,8-K,2023-03-29,"Item 7.01,Item 9.01"
GPUS,8-K,2023-03-22,"Item 7.01,Item 9.01"
GPUS,8-K,2023-03-17,"Item 7.01,Item 9.01"
GPUS,8-K,2023-03-13,"Item 1.02,Item 7.01,Item 9.01"
GPUS,8-K,2023-03-07,"Item 2.01,Item 7.01,Item 9.01"
GPUS,8-K/A,2023-03-06,Item 9.01
GPUS,8-K,2023-02-16,"Item 7.01,Item 9.01"
GPUS,8-K,2023-02-13,"Item 2.02,Item 9.01"
GPUS,8-K,2023-02-10,"Item 1.01,Item 9.01"
GPUS,8-K,2023-02-09,"Item 7.01,Item 9.01"
GPUS,8-K,2023-01-27,"Item 5.03,Item 9.01"
GPUS,8-K,2023-01-19,"Item 7.01,Item 9.01"
GPUS,8-K/A,2023-01-03,"Item 1.01,Item 2.01,Item 2.03,Item 3.02,Item 7.01,Item 9.01"
GPUS,8-K,2022-12-21,"Item 1.01,Item 5.03,Item 7.01,Item 9.01"
GPUS,8-K,2022-12-20,"Item 7.01,Item 9.01"
GPUS,8-K,2022-12-19,"Item 1.01,Item 2.01,Item 2.03,Item 3.02,Item 7.01,Item 9.01"
GPUS,8-K,2022-12-07,"Item 1.01,Item 2.03,Item 7.01,Item 9.01"
GPUS,8-K,2022-12-06,"Item 7.01,Item 9.01"
GPUS,8-K,2022-11-30,"Item 7.01,Item 9.01"
GPUS,8-K,2022-11-23,"Item 5.07,Item 7.01,Item 9.01"
GPUS,8-K,2022-11-22,"Item 2.02,Item 7.01,Item 9.01"
GPUS,10-Q,2022-11-21,"Item 1,Item 2,Item 3,Item 4,Item 1A,Item 5,Item 6"
GPUS,8-K,2022-11-18,"Item 1.01,Item 7.01,Item 9.01"
GPUS,8-K,2022-11-08,"Item 1.01,Item 2.03,Item 3.01,Item 3.02,Item 7.01,Item 9.01"
GPUS,8-K,2022-10-20,"Item 7.01,Item 9.01"
GPUS,8-K,2022-10-19,"Item 7.01,Item 9.01"
GPUS,8-K,2022-10-13,"Item 7.01,Item 9.01"
GPUS,8-K,2022-10-11,"Item 2.02,Item 9.01"
GPUS,8-K,2022-10-06,"Item 7.01,Item 9.01"
GPUS,8-K,2022-09-19,"Item 7.01,Item 9.01"
GPUS,8-K,2022-09-16,"Item 7.01,Item 9.01"
GPUS,8-K,2022-09-12,"Item 5.05,Item 9.01"
GPUS,8-K,2022-09-09,"Item 7.01,Item 9.01"
GPUS,8-K,2022-09-09,"Item 5.08,Item 8.01,Item 9.01"
GPUS,8-K,2022-09-07,"Item 7.01,Item 9.01"
GPUS,8-K,2022-09-06,"Item 7.01,Item 9.01"
GPUS,8-K,2022-08-30,"Item 7.01,Item 9.01"
GPUS,8-K,2022-08-23,"Item 2.02,Item 9.01"
GPUS,10-Q,2022-08-22,"Item 1,Item 2,Item 3,Item 4,Item 1A,Item 5,Item 6"
GPUS,8-K,2022-08-17,"Item 7.01,Item 9.01"
GPUS,8-K,2022-08-16,"Item 1.01,Item 2.03,Item 7.01,Item 9.01"
GPUS,8-K,2022-08-11,"Item 1.01,Item 2.03,Item 9.01"
GPUS,8-K/A,2022-07-20,"Item 7.01,Item 9.01"
GPUS,8-K,2022-07-19,"Item 7.01,Item 9.01"
GPUS,8-K,2022-07-11,"Item 7.01,Item 9.01"
GPUS,8-K,2022-07-07,"Item 7.01,Item 9.01"
GPUS,8-K,2022-06-17,"Item 5.03,Item 7.01,Item 9.01"
GPUS,8-K,2022-06-14,"Item 1.01,Item 3.03,Item 5.03,Item 7.01,Item 9.01"
GPUS,8-K,2022-06-13,"Item 7.01,Item 9.01"
GPUS,8-K,2022-06-09,"Item 7.01,Item 9.01"
GPUS,8-K,2022-06-08,"Item 7.01,Item 9.01"
GPUS,8-K,2022-06-03,"Item 7.01,Item 9.01"
GPUS,8-K,2022-06-02,"Item 1.01,Item 8.01,Item 9.01"
GPUS,8-K,2022-06-01,"Item 3.03,Item 5.03,Item 9.01"
GPUS,8-K,2022-05-23,"Item 2.02,Item 9.01"
GPUS,10-Q,2022-05-23,"Item 1,Item 2,Item 3,Item 4,Item 1A,Item 5,Item 6"
GPUS,8-K,2022-04-28,"Item 7.01,Item 9.01"
GPUS,8-K,2022-04-25,"Item 1.01,Item 7.01,Item 9.01"
GPUS,8-K,2022-04-21,"Item 7.01,Item 9.01"
GPUS,10-K,2022-04-15,"Item 1,Item 1A,Item 1B,Item 2,Item 3,Item 4,Item 5,Item 6,Item 7,Item 7A,Item 8,Item 9,Item 9A,Item 9B,Item 9C,Item 10,Item 11,Item 12,Item 13,Item 14,Item 15,Item 16"
GPUS,8-K,2022-03-21,"Item 7.01,Item 9.01"
GPUS,8-K/A,2022-03-09,Item 9.01
GPUS,8-K,2022-02-25,"Item 1.01,Item 9.01"
GPUS,8-K,2022-02-23,Item 5.02
GPUS,8-K/A,2022-01-24,"Item 1.01,Item 9.01"
GPUS,8-K/A,2022-01-21,"Item 1.01,Item 9.01"
GPUS,8-K,2022-01-14,"Item 7.01,Item 9.01"
GPUS,8-K,2022-01-03,"Item 1.01,Item 2.01,Item 7.01,Item 9.01"
GPUS,8-K,2022-01-03,"Item 1.01,Item 2.03,Item 3.02,Item 7.01,Item 9.01"
GPUS,8-K,2021-12-28,"Item 1.01,Item 7.01,Item 9.01"
GPUS,8-K,2021-12-23,"Item 1.01,Item 2.01,Item 2.03,Item 7.01,Item 9.01"
GPUS,8-K,2021-12-22,"Item 1.01,Item 2.03,Item 9.01"
GPUS,8-K,2021-12-20,"Item 1.01,Item 2.03,Item 9.01"
GPUS,8-K,2021-12-16,"Item 1.01,Item 2.03,Item 9.01"
GPUS,8-K,2021-12-15,"Item 7.01,Item 9.01"
GPUS,8-K,2021-12-13,"Item 7.01,Item 9.01"
GPUS,8-K,2021-12-13,"Item 1.01,Item 5.03,Item 7.01,Item 9.01"
GPUS,8-K,2021-12-06,"Item 7.01,Item 9.01"
GPUS,8-K,2021-11-24,Item 7.01
GPUS,8-K,2021-11-22,"Item 7.01,Item 8.01,Item 9.01"
GPUS,8-K/A,2021-11-22,"Item 2.02,Item 9.01"
GPUS,8-K,2021-11-19,"Item 2.02,Item 9.01"
GPUS,10-Q,2021-11-19,"Item 1,Item 2,Item 3,Item 4,Item 1A,Item 5,Item 6"
GPUS,8-K,2021-11-18,"Item 1.01,Item 7.01,Item 9.01"
GPUS,8-K,2021-11-17,"Item 1.01,Item 9.01"
GPUS,8-K,2021-11-10,"Item 7.01,Item 9.01"
GPUS,8-K,2021-11-03,"Item 5.03,Item 9.01"
GPUS,8-K,2021-10-27,"Item 7.01,Item 9.01"
GPUS,8-K,2021-10-13,"Item 7.01,Item 9.01"
GPUS,8-K,2021-09-15,"Item 1.01,Item 7.01,Item 9.01"
GPUS,8-K,2021-08-17,"Item 7.01,Item 9.01"
GPUS,10-Q,2021-08-16,"Item 1,Item 2,Item 3,Item 4,Item 1A,Item 5,Item 6"
GPUS,8-K,2021-08-16,"Item 7.01,Item 9.01"
GPUS,8-K,2021-08-13,"Item 5.07,Item 7.01,Item 9.01"
GPUS,8-K,2021-07-06,Item 5.07
GPUS,8-K,2021-06-23,Item 9.01
GPUS,8-K,2021-06-15,"Item 1.01,Item 7.01,Item 9.01"
GPUS,8-K,2021-06-10,"Item 7.01,Item 9.01"
GPUS,8-K,2021-06-04,Item 5.02
GPUS,8-K,2021-05-24,"Item 7.01,Item 9.01"
GPUS,10-Q,2021-05-24,"Item 1,Item 2,Item 3,Item 4,Item 1A,Item 5,Item 6"
GPUS,8-K,2021-04-16,"Item 7.01,Item 9.01"
GPUS,10-K,2021-04-15,"Item 1,Item 1A,Item 1B,Item 2,Item 3,Item 4,Item 5,Item 6,Item 7,Item 7A,Item 8,Item 9,Item 9A,Item 9B,Item 10,Item 11,Item 12,Item 13,Item 14,Item 15,Item 16"
GPUS,8-K,2021-03-26,"Item 7.01,Item 9.01"
GPUS,8-K,2021-03-10,"Item 7.01,Item 9.01"
GPUS,8-K,2021-03-05,"Item 1.01,Item 7.01,Item 9.01"
GPUS,8-K,2021-02-17,"Item 1.01,Item 7.01,Item 9.01"
GPUS,8-K,2021-02-10,"Item 7.01,Item 9.01"
GPUS,8-K,2021-02-01,"Item 2.01,Item 7.01,Item 9.01"
GPUS,8-K,2021-01-25,"Item 1.01,Item 7.01,Item 9.01"
GPUS,8-K,2021-01-19,"Item 1.01,Item 5.02,Item 5.03,Item 7.01,Item 9.01"
GPUS,8-K,2021-01-14,"Item 7.01,Item 9.01"
GPUS,8-K,2021-01-13,"Item 7.01,Item 9.01"
GPUS,8-K,2021-01-04,"Item 1.02,Item 7.01,Item 9.01"
GPUS,8-K,2020-12-30,"Item 5.07,Item 7.01,Item 9.01"
GPUS,8-K,2020-12-28,"Item 7.01,Item 9.01"
GPUS,8-K,2020-12-21,"Item 1.01,Item 7.01,Item 9.01"
GPUS,8-K,2020-12-14,"Item 7.01,Item 9.01"
GPUS,8-K,2020-12-03,"Item 1.01,Item 7.01,Item 9.01"
GPUS,8-K,2020-12-01,"Item 1.01,Item 7.01,Item 9.01"
GPUS,8-K,2020-11-30,"Item 2.01,Item 2.03,Item 7.01,Item 9.01"
GPUS,8-K,2020-11-23,"Item 7.01,Item 9.01"
GPUS,8-K,2020-11-20,"Item 1.01,Item 3.02,Item 9.01"
GPUS,8-K,2020-11-19,"Item 7.01,Item 9.01"
GPUS,10-Q,2020-11-18,"Item 1,Item 2,Item 3,Item 4,Item 1A,Item 5,Item 6"
GPUS,8-K,2020-11-10,"Item 1.01,Item 9.01"
GPUS,8-K,2020-10-29,"Item 7.01,Item 9.01"
GPUS,8-K,2020-10-28,"Item 7.01,Item 9.01"
GPUS,8-K,2020-10-27,"Item 1.01,Item 3.02,Item 9.01"
GPUS,8-K,2020-10-27,"Item 7.01,Item 9.01"
GPUS,8-K,2020-10-26,"Item 7.01,Item 9.01"
GPUS,8-K,2020-10-23,"Item 1.01,Item 3.02,Item 9.01"
GPUS,8-K,2020-10-22,"Item 7.01,Item 9.01"
GPUS,8-K,2020-10-13,Item 9.01
GPUS,8-K,2020-10-08,"Item 7.01,Item 9.01"
GPUS,8-K,2020-10-07,"Item 7.01,Item 9.01"
GPUS,8-K,2020-10-02,"Item 1.01,Item 7.01,Item 9.01"
GPUS,8-K,2020-10-02,"Item 7.01,Item 9.01"
GPUS,8-K/A,2020-09-30,"Item 5.02,Item 7.01,Item 9.01"
GPUS,8-K,2020-09-28,"Item 7.01,Item 9.01"
GPUS,8-K,2020-09-18,Item 3.02
GPUS,8-K/A,2020-09-18,"Item 7.01,Item 9.01"
GPUS,8-K,2020-09-17,Item 5.02
GPUS,8-K,2020-09-17,"Item 7.01,Item 9.01"
GPUS,8-K,2020-09-08,"Item 7.01,Item 9.01"
GPUS,8-K,2020-09-04,"Item 7.01,Item 9.01"
GPUS,8-K,2020-09-01,"Item 7.01,Item 9.01"
GPUS,8-K/A,2020-09-01,"Item 7.01,Item 9.01"
GPUS,8-K,2020-08-31,"Item 7.01,Item 9.01"
GPUS,8-K,2020-08-24,"Item 7.01,Item 9.01"
GPUS,8-K,2020-08-20,"Item 5.02,Item 7.01,Item 9.01"
GPUS,10-Q,2020-08-19,"Item 1,Item 2,Item 3,Item 4,Item 1A,Item 5,Item 6"
GPUS,8-K,2020-08-14,"Item 5.02,Item 5.03,Item 7.01,Item 9.01"
GPUS,8-K,2020-08-04,"Item 7.01,Item 9.01"
GPUS,8-K,2020-08-03,"Item 7.01,Item 9.01"
GPUS,8-K,2020-07-28,"Item 7.01,Item 9.01"
GPUS,8-K,2020-07-24,"Item 3.01,Item 9.01"
GPUS,8-K/A,2020-07-22,"Item 1.01,Item 9.01"
GPUS,8-K,2020-07-17,"Item 7.01,Item 8.01,Item 9.01"
GPUS,8-K,2020-07-17,"Item 3.02,Item 9.01"
GPUS,8-K,2020-07-08,"Item 5.07,Item 7.01,Item 9.01"
GPUS,10-Q,2020-07-06,"Item 1,Item 2,Item 3,Item 4,Item 1A,Item 5,Item 6"
GPUS,8-K,2020-06-29,"Item 1.01,Item 3.02,Item 7.01,Item 9.01"
GPUS,8-K,2020-06-10,"Item 7.01,Item 9.01"
GPUS,10-K/A,2020-06-01,"Item 1,Item 1A,Item 1B,Item 2,Item 3,Item 4,Item 5,Item 6,Item 7,Item 7A,Item 8,Item 9,Item 9A,Item 9B,Item 10,Item 11,Item 12,Item 13,Item 14,Item 15,Item 16"
GPUS,10-K,2020-05-29,"Item 1,Item 1A,Item 1B,Item 2,Item 3,Item 4,Item 5,Item 6,Item 7,Item 7A,Item 8,Item 9,Item 9A,Item 9B,Item 10,Item 11,Item 12,Item 13,Item 14,Item 15,Item 16"
GPUS,8-K,2020-05-29,"Item 3.02,Item 7.01"
GPUS,8-K,2020-05-13,"Item 8.01,Item 9.01"
GPUS,8-K,2020-05-01,"Item 5.07,Item 7.01,Item 9.01"
GPUS,8-K,2020-04-20,"Item 7.01,Item 8.01,Item 9.01"
GPUS,8-K,2020-04-14,"Item 3.02,Item 9.01"
GPUS,8-K/A,2020-04-09,"Item 8.01,Item 9.01"
GPUS,8-K,2020-03-27,"Item 8.01,Item 9.01"
GPUS,8-K,2020-03-26,"Item 8.01,Item 9.01"
GPUS,8-K,2020-03-05,"Item 7.01,Item 9.01"
GPUS,8-K,2020-02-28,"Item 1.02,Item 7.01,Item 9.01"
GPUS,8-K,2020-02-25,"Item 8.01,Item 7.01,Item 9.01"
GPUS,8-K,2020-02-25,"Item 3.02,Item 9.01"
GPUS,8-K/A,2020-02-25,"Item 1.01,Item 9.01"
GPUS,8-K,2020-02-10,Item 9.01
GPUS,8-K,2020-02-06,Item 9.01
GPUS,8-K,2020-01-22,Item 2.04
GPUS,8-K,2020-01-16,"Item 3.02,Item 7.01,Item 9.01"
GPUS,8-K,2020-01-08,"Item 7.01,Item 9.01"
GPUS,8-K,2020-01-02,"Item 1.01,Item 7.01,Item 9.01"
GPUS,8-K,2019-12-31,Item 5.02
GPUS,8-K,2019-12-23,"Item 3.02,Item 7.01,Item 9.01"
GPUS,8-K,2019-12-11,"Item 7.01,Item 9.01"
GPUS,10-Q,2019-11-19,"Item 1,Item 2,Item 3,Item 4,Item 1A,Item 5,Item 6"
GPUS,8-K,2019-11-18,"Item 1.01,Item 3.02,Item 9.01"
GPUS,8-K,2019-11-04,"Item 1.01,Item 3.02,Item 9.01"
GPUS,8-K,2019-10-24,Item 2.04
GPUS,10-K/A,2019-10-16,"Item 1,Item 1A,Item 1B,Item 2,Item 3,Item 4,Item 5,Item 6,Item 7,Item 7A,Item 8,Item 9,Item 9A,Item 9B,Item 10,Item 11,Item 12,Item 13,Item 14,Item 15,Item 16"
GPUS,8-K,2019-10-07,Item 5.03
GPUS,8-K,2019-09-26,"Item 1.01,Item 3.02,Item 9.01"
GPUS,8-K/A,2019-09-20,"Item 1.01,Item 3.02,Item 9.01"
GPUS,8-K,2019-09-04,Item 7.01
GPUS,8-K,2019-08-26,"Item 7.01,Item 9.01"
GPUS,10-Q,2019-08-19,"Item 1,Item 2,Item 3,Item 4,Item 1A,Item 5,Item 6"
GPUS,8-K,2019-08-07,Item 8.01
GPUS,8-K,2019-08-06,"Item 1.01,Item 7.01,Item 9.01"
GPUS,8-K,2019-08-05,"Item 2.02,Item 5.03,Item 7.01,Item 9.01"
GPUS,8-K,2019-07-19,"Item 5.07,Item 7.01,Item 9.01"
GPUS,8-K,2019-07-09,Item 8.01
GPUS,8-K,2019-07-05,"Item 1.01,Item 3.02,Item 9.01"
GPUS,8-K,2019-07-02,"Item 1.01,Item 3.02,Item 9.01"
GPUS,8-K,2019-07-02,"Item 1.01,Item 3.02,Item 9.01"
GPUS,8-K,2019-07-02,Item 8.01
GPUS,8-K/A,2019-06-27,"Item 1.01,Item 3.02,Item 9.01"
GPUS,8-K,2019-06-18,"Item 1.01,Item 3.02,Item 9.01"
GPUS,8-K/A,2019-06-12,Item 2.04
GPUS,8-K,2019-06-05,"Item 7.01,Item 9.01"
GPUS,8-K,2019-05-28,Item 9.01
GPUS,10-Q,2019-05-20,"Item 1,Item 2,Item 3,Item 4,Item 1A,Item 5,Item 6"
GPUS,8-K,2019-05-20,"Item 1.01,Item 3.02,Item 9.01"
GPUS,8-K,2019-05-20,Item 2.04
GPUS,8-K,2019-05-01,"Item 7.01,Item 9.01"
GPUS,10-K,2019-04-16,"Item 1,Item 1A,Item 1B,Item 2,Item 3,Item 4,Item 5,Item 6,Item 7,Item 7A,Item 8,Item 9,Item 9A,Item 9B,Item 10,Item 11,Item 12,Item 13,Item 14,Item 15,Item 16"
GPUS,8-K,2019-04-16,Item 9.01
GPUS,8-K/A,2019-04-04,Item 9.01
GPUS,8-K,2019-04-01,"Item 1.01,Item 3.02,Item 9.01"
GPUS,8-K,2019-03-29,"Item 7.01,Item 9.01"
GPUS,8-K/A,2019-03-21,Item 8.01
GPUS,8-K,2019-03-14,"Item 5.07,Item 5.03,Item 7.01,Item 9.01"
GPUS,8-K,2019-02-28,Item 1.01
GPUS,8-K,2019-02-25,"Item 7.01,Item 9.01"
GPUS,8-K,2019-02-20,"Item 1.01,Item 3.02,Item 9.01"
GPUS,8-K,2019-02-05,Item 2.04
GPUS,8-K,2019-01-24,"Item 1.01,Item 3.02,Item 9.01"
GPUS,8-K/A,2019-01-14,Item 1.01
GPUS,8-K/A,2019-01-14,"Item 1.01,Item 9.01"
GPUS,8-K,2019-01-10,"Item 1.01,Item 9.01"
GPUS,8-K,2019-01-07,Item 2.04
GPUS,8-K,2019-01-03,"Item 5.03,Item 9.01"
GPUS,8-K,2018-12-31,"Item 1.01,Item 9.01"
GPUS,8-K,2018-12-31,Item 2.04
GPUS,8-K,2018-12-28,Item 5.07
GPUS,8-K,2018-12-28,"Item 7.01,Item 9.01"
GPUS,8-K,2018-12-27,"Item 5.03,Item 9.01"
GPUS,8-K,2018-12-20,"Item 1.01,Item 9.01"
GPUS,8-K,2018-12-10,"Item 1.01,Item 9.01"
GPUS,8-K,2018-12-04,"Item 7.01,Item 9.01"
GPUS,8-K,2018-11-16,"Item 1.01,Item 9.01"
GPUS,10-Q,2018-11-15,"Item 1,Item 2,Item 3,Item 4,Item 1A,Item 5,Item 6"
GPUS,8-K,2018-11-15,"Item 7.01,Item 9.01"
GPUS,8-K/A,2018-11-08,"Item 1.01,Item 9.01"
GPUS,8-K/A,2018-10-22,"Item 1.01,Item 7.01,Item 9.01"
GPUS,8-K/A,2018-10-18,"Item 4.02,Item 9.01"
GPUS,8-K,2018-10-16,Item 9.01
GPUS,8-K,2018-10-15,"Item 7.01,Item 9.01"
GPUS,8-K,2018-10-11,"Item 1.01,Item 9.01"
GPUS,8-K,2018-10-09,"Item 1.01,Item 9.01"
GPUS,8-K,2018-10-05,"Item 1.01,Item 9.01"
GPUS,8-K,2018-10-03,"Item 1.01,Item 2.03,Item 9.01"
GPUS,8-K,2018-10-02,"Item 7.01,Item 9.01"
GPUS,8-K,2018-09-25,"Item 1.01,Item 9.01"
GPUS,8-K,2018-09-21,"Item 1.01,Item 3.02,Item 9.01"
GPUS,8-K,2018-09-14,"Item 3.03,Item 9.01"
GPUS,8-K,2018-09-06,Item 1.02
GPUS,8-K,2018-09-05,"Item 7.01,Item 9.01"
GPUS,8-K,2018-09-04,"Item 1.01,Item 9.01"
GPUS,8-K,2018-09-04,"Item 1.01,Item 3.02,Item 8.01,Item 9.01"
GPUS,8-K,2018-08-23,"Item 1.01,Item 9.01"
GPUS,10-Q,2018-08-20,"Item 1,Item 2,Item 3,Item 4,Item 1A,Item 5,Item 6"
GPUS,8-K,2018-08-16,"Item 1.01,Item 3.02,Item 9.01"
GPUS,8-K,2018-08-15,"Item 7.01,Item 9.01"
GPUS,8-K,2018-08-03,"Item 1.01,Item 9.01"
GPUS,8-K,2018-08-01,"Item 1.01,Item 7.01,Item 9.01"
GPUS,8-K,2018-07-17,"Item 1.01,Item 9.01"
GPUS,8-K,2018-07-02,"Item 1.01,Item 8.01,Item 9.01"
GPUS,8-K,2018-07-02,"Item 1.01,Item 9.01"
GPUS,8-K,2018-07-02,"Item 1.01,Item 9.01"
GPUS,8-K,2018-06-18,"Item 5.02,Item 7.01,Item 9.01"
GPUS,8-K,2018-06-18,"Item 1.01,Item 9.01"
GPUS,8-K,2018-06-06,"Item 7.01,Item 9.01"
GPUS,8-K,2018-06-05,Item 8.01
GPUS,8-K,2018-05-24,"Item 1.01,Item 2.01,Item 7.01,Item 9.01"
GPUS,8-K,2018-05-23,"Item 1.01,Item 7.01,Item 9.01"
GPUS,8-K,2018-05-21,"Item 7.01,Item 9.01"
GPUS,10-Q,2018-05-21,"Item 1,Item 2,Item 3,Item 4,Item 1A,Item 5,Item 6"
GPUS,8-K,2018-05-16,"Item 1.01,Item 9.01"
GPUS,8-K,2018-05-16,"Item 1.01,Item 3.02,Item 9.01"
GPUS,8-K,2018-05-09,"Item 7.01,Item 9.01"
GPUS,8-K,2018-04-26,"Item 7.01,Item 9.01"
GPUS,8-K,2018-04-25,Item 3.02
GPUS,8-K,2018-04-23,"Item 7.01,Item 9.01"
GPUS,10-K/A,2018-04-18,Item 15
GPUS,10-K/A,2018-04-18,Item 15
GPUS,8-K,2018-04-18,"Item 7.01,Item 9.01"
GPUS,10-K,2018-04-17,"Item 1,Item 1A,Item 1B,Item 2,Item 3,Item 4,Item 5,Item 6,Item 7,Item 7A,Item 8,Item 9,Item 9A,Item 9B,Item 10,Item 11,Item 12,Item 13,Item 14,Item 15"
GPUS,8-K,2018-04-16,"Item 1.01,Item 3.02,Item 9.01"
GPUS,8-K,2018-04-13,"Item 5.02,Item 9.01"
GPUS,8-K,2018-03-27,Item 2.03
GPUS,8-K,2018-03-27,Item 8.01
GPUS,8-K,2018-03-26,"Item 1.01,Item 3.02,Item 9.01"
GPUS,8-K,2018-03-23,"Item 1.01,Item 7.01,Item 9.01"
GPUS,8-K,2018-03-15,"Item 7.01,Item 9.01"
GPUS,8-K,2018-03-09,"Item 1.01,Item 2.01,Item 7.01,Item 9.01"
GPUS,8-K,2018-03-08,"Item 7.01,Item 9.01"
GPUS,8-K,2018-02-27,"Item 1.01,Item 9.01"
GPUS,8-K/A,2018-02-12,"Item 1.01,Item 3.02,Item 9.01"
GPUS,8-K,2018-02-01,"Item 1.01,Item 2.01,Item 7.01,Item 9.01"
GPUS,8-K,2018-01-31,"Item 1.01,Item 2.03"
GPUS,8-K,2018-01-31,"Item 7.01,Item 9.01"
GPUS,8-K,2018-01-25,Item 2.03
GPUS,8-K,2018-01-25,Item 9.01
GPUS,8-K,2018-01-24,Item 1.01
GPUS,8-K,2018-01-24,"Item 1.01,Item 3.02,Item 9.01"
GPUS,8-K,2018-01-22,Item 2.03
GPUS,8-K,2018-01-16,"Item 1.01,Item 9.01"
GPUS,8-K,2018-01-02,"Item 1.01,Item 7.01,Item 9.01"
GPUS,8-K,2017-12-29,"Item 1.01,Item 9.01"
GPUS,8-K,2017-12-28,Item 5.07
GPUS,8-K,2017-12-26,Item 8.01
GPUS,8-K,2017-12-20,"Item 7.01,Item 9.01"
GPUS,8-K/A,2017-12-15,"Item 1.01,Item 3.02,Item 9.01"
GPUS,8-K/A,2017-12-15,"Item 1.01,Item 3.02,Item 9.01"
GPUS,8-K/A,2017-12-15,"Item 1.01,Item 3.02,Item 9.01"
GPUS,8-K/A,2017-12-15,"Item 1.01,Item 9.01"
GPUS,8-K/A,2017-12-13,Item 3.01
GPUS,8-K,2017-12-08,"Item 1.01,Item 9.01"
GPUS,8-K,2017-12-08,"Item 1.01,Item 3.02,Item 9.01"
GPUS,8-K,2017-12-08,"Item 1.01,Item 3.02,Item 9.01"
GPUS,8-K,2017-12-08,"Item 1.01,Item 3.02,Item 9.01"
GPUS,8-K,2017-12-04,Item 3.01
GPUS,8-K,2017-12-04,Item 3.02
GPUS,8-K,2017-11-22,"Item 1.01,Item 9.01"
GPUS,8-K,2017-11-21,Item 9.01
GPUS,10-Q,2017-11-20,"Item 1,Item 2,Item 3,Item 4,Item 1A,Item 5,Item 6"
GPUS,10-Q/A,2017-11-14,"Item 1,Item 2,Item 3,Item 4,Item 1A,Item 5,Item 6"
GPUS,8-K,2017-11-14,"Item 4.02,Item 9.01"
GPUS,8-K,2017-11-08,"Item 1.01,Item 9.01"
GPUS,8-K/A,2017-11-08,Item 5.02
GPUS,8-K,2017-11-07,"Item 1.01,Item 3.02,Item 9.01"
GPUS,8-K/A,2017-11-06,Item 5.02
GPUS,8-K,2017-11-02,"Item 1.01,Item 3.02,Item 9.01"
GPUS,8-K,2017-10-23,"Item 1.01,Item 9.01"
GPUS,8-K,2017-10-19,"Item 1.01,Item 9.01"
GPUS,8-K,2017-10-12,Item 9.01
GPUS,8-K,2017-09-07,"Item 1.01,Item 9.01"
GPUS,8-K,2017-09-06,"Item 2.01,Item 7.01,Item 9.01"
GPUS,8-K,2017-08-25,"Item 2.02,Item 7.01,Item 9.01"
GPUS,10-Q,2017-08-21,"Item 1,Item 2,Item 3,Item 4,Item 1A,Item 5,Item 6"
GPUS,8-K,2017-08-11,"Item 1.01,Item 3.02,Item 9.01"
GPUS,8-K,2017-08-09,"Item 1.01,Item 3.02,Item 9.01"
GPUS,8-K,2017-08-09,"Item 1.01,Item 9.01"
GPUS,8-K,2017-07-31,"Item 1.01,Item 3.02"
GPUS,8-K,2017-07-26,Item 1.01
GPUS,8-K,2017-07-17,Item 5.02
GPUS,8-K,2017-07-12,Item 1.01
GPUS,8-K,2017-06-29,"Item 1.01,Item 9.01"
GPUS,8-K,2017-06-21,"Item 8.01,Item 9.01"
GPUS,8-K,2017-06-19,"Item 3.02,Item 9.01"
GPUS,8-K,2017-06-19,Item 8.01
GPUS,8-K,2017-06-08,"Item 1.01,Item 2.03,Item 3.02,Item 9.01"
GPUS,8-K,2017-06-07,"Item 7.01,Item 9.01"
GPUS,8-K,2017-06-06,"Item 8.01,Item 9.01"
GPUS,8-K,2017-06-05,Item 3.02
GPUS,8-K,2017-05-31,"Item 1.01,Item 3.02,Item 9.01"
GPUS,8-K,2017-05-17,"Item 2.02,Item 9.01"
GPUS,10-Q,2017-05-17,"Item 1,Item 2,Item 3,Item 4,Item 1A,Item 5,Item 6"
GPUS,8-K,2017-05-05,Item 3.02
GPUS,8-K,2017-05-05,"Item 2.02,Item 9.01"
GPUS,8-K,2017-05-03,Item 1.01
GPUS,8-K,2017-05-03,Item 3.01
GPUS,8-K,2017-04-11,"Item 2.02,Item 9.01"
GPUS,10-K,2017-04-10,"Item 1,Item 1A,Item 1B,Item 2,Item 3,Item 4,Item 5,Item 6,Item 7,Item 7A,Item 8,Item 9,Item 9A,Item 9B,Item 10,Item 11,Item 12,Item 13,Item 14,Item 15"
GPUS,8-K,2017-04-04,"Item 1.01,Item 9.01"
GPUS,8-K,2017-03-28,Item 3.02
GPUS,8-K,2017-03-21,Item 5.02
GPUS,8-K,2017-03-20,Item 1.01
GPUS,8-K,2017-03-16,"Item 1.01,Item 9.01"
GPUS,8-K,2017-03-09,"Item 1.01,Item 7.01,Item 9.01"
GPUS,8-K,2017-02-27,"Item 5.02,Item 9.01"
GPUS,8-K,2017-02-24,"Item 1.01,Item 9.01"
GPUS,8-K,2017-02-17,"Item 1.01,Item 9.01"
GPUS,8-K,2017-01-20,Item 4.01
GPUS,8-K,2017-01-05,Item 4.01
GPUS,8-K,2016-12-30,"Item 1.01,Item 5.07,Item 9.01"
GPUS,8-K,2016-12-05,"Item 5.02,Item 9.01"
GPUS,8-K,2016-11-16,"Item 1.01,Item 3.02,Item 9.01"
GPUS,8-K,2016-11-15,"Item 7.01,Item 9.01"
GPUS,10-Q,2016-11-14,"Item 1,Item 2,Item 3,Item 4,Item 1A,Item 5,Item 6"
GPUS,8-K,2016-10-27,"Item 1.01,Item 3.02,Item 9.01"
GPUS,8-K,2016-10-13,Item 5.02
GPUS,8-K,2016-10-07,Item 8.01
GPUS,8-K,2016-10-07,Item 8.01
GPUS,8-K,2016-09-22,"Item 1.01,Item 5.02"
GPUS,8-K,2016-09-14,Item 8.01
GPUS,8-K,2016-09-07,"Item 1.01,Item 9.01"
GPUS,10-Q,2016-08-15,"Item 1,Item 2,Item 3,Item 4,Item 1A,Item 5,Item 6"
GPUS,10-Q,2016-05-16,"Item 1,Item 2,Item 3,Item 4,Item 1A,Item 5,Item 6"
GPUS,10-K/A,2016-03-31,Item 15
GPUS,10-K,2016-03-30,"Item 1,Item 1A,Item 1B,Item 2,Item 3,Item 4,Item 5,Item 6,Item 7,Item 7A,Item 8,Item 9,Item 9A,Item 9B,Item 10,Item 11,Item 12,Item 13,Item 14,Item 15"
GPUS,8-K,2016-03-14,Item 3.01
GPUS,8-K,2015-12-24,Item 3.01
GPUS,10-Q,2015-11-16,"Item 1,Item 2,Item 3,Item 4T,Item 1A,Item 4,Item 5,Item 6"
GPUS,8-K,2015-10-13,Item 5.02
GPUS,8-K,2015-09-04,Item 5.02
GPUS,10-Q,2015-08-12,"Item 1,Item 2,Item 3,Item 4T,Item 1A,Item 4,Item 5,Item 6"
GPUS,8-K,2015-06-30,Item 5.07
GPUS,10-Q,2015-05-15,"Item 1,Item 2,Item 3,Item 4,Item 1A,Item 5,Item 6"
GPUS,10-K,2015-03-27,"Item 1,Item 1A,Item 1B,Item 2,Item 3,Item 4,Item 5,Item 6,Item 7,Item 7A,Item 8,Item 9,Item 9A,Item 9B,Item 10,Item 11,Item 12,Item 13,Item 14,Item 15"
GPUS,8-K,2015-03-05,Item 5.02
GPUS,8-K,2015-02-27,Item 5.02
GPUS,8-K,2014-11-19,Item 5.02
GPUS,10-Q,2014-11-13,"Item 1,Item 2,Item 3,Item 4T,Item 1A,Item 4,Item 5,Item 6"
GPUS,8-K,2014-11-05,Item 5.02
GPUS,8-K,2014-09-16,"Item 8.01,Item 9.01"
GPUS,10-Q,2014-08-13,"Item 1,Item 2,Item 3,Item 4T,Item 1A,Item 4,Item 5,Item 6"
GPUS,8-K,2014-07-31,Item 5.07
GPUS,10-Q,2014-05-13,"Item 1,Item 2,Item 3,Item 4,Item 1A,Item 5,Item 6"
GPUS,8-K,2014-03-28,"Item 2.02,Item 9.01"
GPUS,10-K,2014-03-28,"Item 1,Item 1A,Item 1B,Item 2,Item 3,Item 4,Item 5,Item 6,Item 7,Item 7A,Item 8,Item 9,Item 9A,Item 9B,Item 10,Item 11,Item 12,Item 13,Item 14,Item 15"
GPUS,8-K,2013-12-09,"Item 5.03,Item 9.01"
GPUS,8-K/A,2013-11-14,Item 5.07
GPUS,10-Q,2013-11-13,"Item 1,Item 2,Item 3,Item 4T,Item 1A,Item 4,Item 5,Item 6"
GPUS,10-Q/A,2013-09-06,"Item 1,Item 2,Item 3,Item 4T,Item 1A,Item 4,Item 5,Item 6"
GPUS,10-Q,2013-08-19,"Item 1,Item 2,Item 3,Item 4T,Item 1A,Item 4,Item 5,Item 6"
GPUS,8-K,2013-08-14,Item 5.07
GPUS,10-Q,2013-05-20,"Item 1,Item 2,Item 3,Item 4,Item 1A,Item 5,Item 6"
GPUS,8-K,2013-04-30,Item 5.02
GPUS,10-K,2013-03-29,"Item 1,Item 1A,Item 1B,Item 2,Item 3,Item 4,Item 5,Item 6,Item 7,Item 7A,Item 8,Item 9,Item 9A,Item 10,Item 11,Item 12,Item 13,Item 14,Item 15"
GPUS,8-K,2012-12-07,Item 5.07
GPUS,10-Q,2012-11-20,"Item 1,Item 2,Item 3,Item 4T,Item 1A,Item 4,Item 5"
GPUS,10-K/A,2012-10-18,"Item 1,Item 1A,Item 1B,Item 2,Item 3,Item 4,Item 5,Item 6,Item 7,Item 7A,Item 8,Item 9,Item 9A,Item 10,Item 11,Item 12,Item 13,Item 14,Item 15"
GPUS,10-K/A,2012-10-09,"Item 1,Item 1A,Item 1B,Item 2,Item 3,Item 4,Item 5,Item 6,Item 7,Item 7A,Item 8,Item 9,Item 9A,Item 10,Item 11,Item 12,Item 13,Item 14,Item 15"
GPUS,8-K,2012-09-13,Item 5.02
GPUS,8-K,2012-09-12,"Item 5.02,Item 8.01"
GPUS,10-Q/A,2012-09-12,Item 6
GPUS,10-Q/A,2012-08-31,"Item 1,Item 2,Item 3,Item 1A,Item 4,Item 5,Item 6"
GPUS,10-K/A,2012-08-31,"Item 1,Item 1A,Item 1B,Item 2,Item 3,Item 4,Item 5,Item 6,Item 7,Item 7A,Item 8,Item 9,Item 9A,Item 10,Item 11,Item 12,Item 13,Item 14,Item 15"
GPUS,10-Q,2012-08-14,"Item 1,Item 2,Item 3,Item 4T,Item 1A,Item 4,Item 5,Item 6"
GPUS,10-Q/A,2012-05-25,"Item 1,Item 2,Item 3,Item 4,Item 1A,Item 5,Item 6"
GPUS,10-Q,2012-05-15,"Item 2,Item 3,Item 4,Item 1,Item 1A,Item 5,Item 6"
GPUS,10-K,2012-04-03,"Item 1,Item 1A,Item 1B,Item 2,Item 3,Item 4,Item 5,Item 6,Item 7,Item 7A,Item 8,Item 9,Item 9A,Item 10,Item 11,Item 12,Item 13,Item 14,Item 15"
GPUS,8-K,2012-03-29,"Item 2.02,Item 9.01"
GPUS,10-Q,2011-11-14,"Item 2,Item 3,Item 4T,Item 1,Item 1A,Item 4,Item 5,Item 6"
GPUS,8-K/A,2011-11-10,"Item 2.02,Item 9.01"
GPUS,8-K,2011-11-07,"Item 2.02,Item 9.01"
GPUS,8-K,2011-09-16,Item 5.02
GPUS,8-K,2011-09-15,Item 5.07
GPUS,10-Q,2011-08-15,"Item 2,Item 3,Item 4T,Item 1,Item 1A,Item 4,Item 5,Item 6"
GPUS,8-K,2011-06-22,"Item 2.01,Item 9.01"
GPUS,10-Q,2011-05-13,"Item 2,Item 3,Item 4,Item 1,Item 1A,Item 5,Item 6"
GPUS,10-K,2011-03-30,"Item 1,Item 1A,Item 1B,Item 2,Item 3,Item 4,Item 5,Item 6,Item 7,Item 7A,Item 8,Item 9,Item 9A,Item 9B,Item 10,Item 11,Item 12,Item 13,Item 14,Item 15"
GPUS,8-K,2011-03-08,Item 2.02
GPUS,8-K,2010-11-17,Item 5.07
GPUS,10-Q,2010-11-05,"Item 2,Item 3,Item 4,Item 1,Item 1A,Item 5,Item 6"
GPUS,8-K,2010-09-01,Item 1.01
GPUS,10-Q,2010-08-13,"Item 2,Item 3,Item 4T,Item 1,Item 1A,Item 4,Item 5,Item 6"
GPUS,10-Q,2010-05-13,"Item 2,Item 4T,Item 1,Item 3,Item 4,Item 5,Item 6"
GPUS,10-K,2010-03-25,"Item 1,Item 1A,Item 1B,Item 2,Item 3,Item 4,Item 5,Item 6,Item 7,Item 7A,Item 8,Item 9,Item 9B,Item 10,Item 11,Item 12,Item 13,Item 14,Item 15"
GPUS,8-K,2010-03-12,"Item 2.02,Item 9.01"
GPUS,8-K,2010-01-19,Item 5.02
GPUS,10-Q,2009-11-16,"Item 1,Item 2,Item 3,Item 4T,Item 4,Item 5,Item 6"
GPUS,8-K,2009-08-18,Item 5.02
GPUS,10-Q,2009-08-14,"Item 1,Item 2,Item 3,Item 4T,Item 1A,Item 4,Item 5,Item 6"
GPUS,8-K,2009-08-14,"Item 2.02,Item 9.01"
GPUS,8-K,2009-05-15,"Item 2.02,Item 9.01"
GPUS,10-Q,2009-05-14,"Item 1,Item 2,Item 3,Item 4T,Item 1A,Item 4,Item 5,Item 6"
GPUS,10-K,2009-03-30,"Item 1,Item 1A,Item 1B,Item 2,Item 3,Item 4,Item 5,Item 6,Item 7,Item 7A,Item 8,Item 9,Item 9A,Item 9B,Item 10,Item 11,Item 12,Item 13,Item 14,Item 15"
GPUS,8-K,2009-03-30,"Item 2.02,Item 9.01"
GPUS,8-K,2008-11-25,"Item 7.01,Item 9.01"
GPUS,8-K,2008-11-19,"Item 2.02,Item 9.01"
GPUS,10-Q,2008-11-14,"Item 1,Item 2,Item 3,Item 4T,Item 1A,Item 4,Item 5,Item 6"
GPUS,8-K,2008-08-20,"Item 2.02,Item 9.01"
GPUS,10-Q,2008-08-14,"Item 1,Item 2,Item 3,Item 4T,Item 1A,Item 4,Item 5,Item 6"
GPUS,8-K,2008-07-10,"Item 7.01,Item 9.01"
GPUS,8-K,2008-07-10,"Item 7.01,Item 9.01"
GPUS,8-K,2008-05-28,"Item 2.02,Item 9.01"
GPUS,10-Q,2008-05-15,"Item 2,Item 3,Item 4T,Item 1,Item 1A,Item 4,Item 5,Item 6"
GPUS,8-K,2008-03-28,"Item 1.01,Item 1.02,Item 9.01"
GPUS,8-K,2008-03-19,"Item 2.02,Item 9.01"
GPUS,8-K,2008-02-21,"Item 5.02,Item 7.01,Item 9.01"
GPUS,8-K,2007-11-13,"Item 2.02,Item 9.01"
GPUS,8-K,2007-10-22,"Item 1.01,Item 9.01"
GPUS,8-K,2007-09-24,"Item 5.02,Item 7.01,Item 9.01"
GPUS,8-K,2007-08-16,"Item 2.02,Item 9.01"
GPUS,8-K,2007-05-16,"Item 2.02,Item 9.01"
GPUS,8-K,2007-03-22,"Item 2.02,Item 9.01"
GPUS,8-K,2006-11-15,"Item 2.02,Item 9.01"
GPUS,8-K,2006-10-24,Item 5.02
GPUS,8-K,2006-08-11,"Item 2.02,Item 9.01"
GPUS,8-K,2006-06-20,"Item 3.01,Item 9.01"
GPUS,8-K,2006-05-16,"Item 2.02,Item 9.01"
GPUS,8-K,2006-02-15,"Item 3.02,Item 9.01"
GPUS,8-K,2006-02-08,Item 8.01
GPUS,8-K,2006-02-08,Item 5.02
GPUS,8-K,2005-11-23,"Item 2.02,Item 9.01"
GPUS,8-K,2005-07-06,"Item 3.01,Item 9.01"
GPUS,8-K,2005-05-05,"Item 3.01,Item 9.01"
GPUS,8-K,2005-04-05,"Item 2.02,Item 9.01"
GPUS,8-K,2005-02-09,"Item 2.03,Item 9.01"
GPUS,8-K,2005-01-20,Item 5.02
GPUS,8-K/A,2004-12-07,Item 5.02
GPUS,8-K,2004-11-30,Item 5.02
GPUS,8-K,2004-11-17,"Item 2.02,Item 9.01"
GPUS,8-K,2004-08-16,"Item 12,Item 7"
GPUS,8-K,2004-07-14,"Item 5,Item 9"
GPUS,8-K,2004-05-20,"Item 12,Item 7"
GPUS,8-K,2004-03-17,"Item 12,Item 5,Item 7"
GPUS,8-K,2004-01-14,"Item 5,Item 9"
GPUS,8-K,2003-11-19,"Item 12,Item 5,Item 7"
GPUS,8-K,2003-08-08,"Item 12,Item 7"
GPUS,8-K,2003-05-19,"Item 7,Item 9"
GPUS,8-K,2003-04-04,"Item 5,Item 9"
GPUS,8-K,2002-10-18,Item 5
GPUS,8-K,2002-09-26,Item 5
GPUS,8-K,2002-09-12,"Item 4,Item 7"
GPUS,8-K,2002-04-11,Item 9
GPUS,8-K,2001-11-21,"Item 1,Item 9"
GPUS,8-K,2001-09-14,"Item 1,Item 9"
IREN,8-K,2025-11-28,"Item 4.01,Item 9.01"
IREN,8-K,2025-11-24,"Item 3.03,Item 5.02,Item 5.07,Item 9.01"
IREN,10-Q,2025-11-06,"Item 1,Item 2,Item 3,Item 4,Item 1A,Item 5,Item 6"
IREN,8-K,2025-11-06,Item 2.02
IREN,8-K,2025-11-03,"Item 1.01,Item 7.01,Item 9.01"
IREN,8-K,2025-10-14,"Item 1.01,Item 2.03,Item 3.02,Item 8.01,Item 9.01"
IREN,8-K,2025-10-09,"Item 8.01,Item 9.01"
IREN,8-K,2025-10-07,"Item 8.01,Item 9.01"
LMFA,8-K/A,2025-11-28,Item 9.01
LMFA,10-Q,2025-11-14,"Item 1,Item 2,Item 3,Item 4,Item 1A,Item 5,Item 6"
LMFA,8-K,2025-11-14,"Item 2.02,Item 9.01"
LMFA,8-K,2025-11-07,Item 8.01
LMFA,8-K,2025-11-05,"Item 2.02,Item 9.01"
LMFA,8-K,2025-11-03,Item 8.01
LMFA,8-K,2025-10-31,"Item 1.01,Item 2.03,Item 9.01"
LMFA,8-K,2025-10-24,"Item 2.03,Item 9.01"
LMFA,8-K,2025-10-17,"Item 5.07,Item 9.01"
LMFA,8-K,2025-10-08,"Item 2.02,Item 9.01"
LMFA,8-K,2025-10-03,"Item 5.02,Item 9.01"
LMFA,8-K,2025-09-18,"Item 1.01,Item 2.01,Item 2.03,Item 7.01,Item 9.01"
LMFA,8-K,2025-09-08,"Item 2.02,Item 9.01"
MARA,10-Q,2025-11-04,"Item 1,Item 2,Item 3,Item 4,Item 1A,Item 5,Item 6"
MARA,8-K,2025-11-04,"Item 2.02,Item 9.01"
MARA,8-K,2025-08-11,"Item 1.01,Item 7.01,Item 9.01"
MARA,10-Q,2025-07-29,"Item 1,Item 2,Item 3,Item 4,Item 1A,Item 5,Item 6"
MARA,8-K,2025-07-29,"Item 2.02,Item 9.01"
MARA,8-K,2025-07-28,"Item 1.01,Item 2.03,Item 3.02,Item 7.01,Item 9.01"
MARA,8-K,2025-07-24,"Item 8.01,Item 9.01"
MARA,8-K,2025-07-23,"Item 7.01,Item 8.01,Item 9.01"
MARA,8-K,2025-06-27,"Item 5.02,Item 5.07,Item 9.01"
MARA,8-K,2025-05-09,"Item 2.02,Item 9.01"
MARA,10-Q,2025-05-08,"Item 1,Item 2,Item 3,Item 4,Item 1A,Item 5,Item 6"
MIGI,8-K,2025-11-25,"Item 2.02,Item 9.01"
MIGI,8-K,2025-11-21,"Item 3.03,Item 8.01,Item 9.01"
MIGI,8-K,2025-11-19,"Item 8.01,Item 9.01"
MIGI,10-Q,2025-11-14,"Item 1,Item 2,Item 3,Item 4,Item 1A,Item 5,Item 6"
MIGI,8-K,2025-11-14,"Item 2.02,Item 9.01"
MIGI,8-K,2025-11-07,"Item 8.01,Item 9.01"
MIGI,8-K,2025-11-05,"Item 8.01,Item 9.01"
MIGI,8-K,2025-11-03,"Item 8.01,Item 9.01"
MIGI,8-K,2025-10-22,"Item 7.01,Item 9.01"
MIGI,8-K,2025-10-21,"Item 8.01,Item 9.01"
MIGI,8-K,2025-10-17,"Item 1.01,Item 1.02,Item 2.02,Item 8.01,Item 9.01"
MIGI,8-K,2025-09-17,"Item 7.01,Item 8.01,Item 9.01"
RIOT,10-Q,2025-10-30,"Item 1,Item 2,Item 3,Item 4,Item 1A,Item 5,Item 6"
RIOT,8-K,2025-10-30,"Item 2.02,Item 9.01"
RIOT,10-Q,2025-07-31,"Item 1,Item 2,Item 3,Item 4,Item 1A,Item 5,Item 6"
RIOT,8-K,2025-07-31,"Item 2.02,Item 9.01"
RIOT,8-K,2025-06-17,Item 5.07
RIOT,8-K,2025-05-23,"Item 1.01,Item 2.03,Item 9.01"
RIOT,10-Q,2025-05-01,"Item 1,Item 2,Item 3,Item 4,Item 1A,Item 5,Item 6"
RIOT,8-K,2025-05-01,"Item 1.01,Item 2.02,Item 9.01"
RIOT,8-K,2025-04-25,"Item 1.01,Item 9.01"
RIOT,8-K,2025-04-24,"Item 8.01,Item 9.01"
SAIH,6-K,2023-09-11,Material Agreement
SAIH,6-K,2022-05-31,Item 16
SAIH,10-Q,2022-05-18,"Item 1,Item 2,Item 3,Item 4,Item 1A,Item 5,Item 6"
SAIH,8-K,2022-04-22,"Item 5.07,Item 7.01,Item 8.01,Item 9.01"
SAIH,8-K,2022-04-01,Item 7.01
SAIH,8-K,2022-03-31,"Item 7.01,Item 9.01"
SAIH,8-K,2022-03-23,"Item 1.01,Item 9.01"
SAIH,10-K,2022-02-18,"Item 1,Item 1A,Item 1B,Item 2,Item 3,Item 4,Item 5,Item 6,Item 7,Item 7A,Item 8,Item 9,Item 9A,Item 9B,Item 9C,Item 10,Item 11,Item 12,Item 13,Item 14,Item 15,Item 16"
SAIH,8-K,2022-01-27,Item 1.01
SAIH,10-Q/A,2021-12-28,"Item 2,Item 3,Item 4,Item 1,Item 1A,Item 5,Item 6"
SAIH,8-K/A,2021-12-28,"Item 8.01,Item 9.01"
SAIH,8-K,2021-12-28,Item 4.02
SAIH,8-K,2021-11-08,"Item 7.01,Item 9.01"
SAIH,10-Q,2021-11-05,"Item 2,Item 3,Item 4,Item 1,Item 1A,Item 5,Item 6"
SAIH,8-K,2021-10-29,"Item 7.01,Item 9.01"
SAIH,8-K,2021-10-25,"Item 7.01,Item 9.01"
SAIH,8-K,2021-10-22,Item 1.01
SAIH,8-K,2021-09-28,"Item 1.01,Item 3.02,Item 7.01,Item 9.01"
SAIH,10-Q,2021-08-13,"Item 2,Item 3,Item 4,Item 1,Item 1A,Item 5,Item 6"
SAIH,8-K,2021-06-21,"Item 8.01,Item 9.01"
SAIH,8-K,2021-06-10,"Item 8.01,Item 9.01"
SAIH,10-Q,2021-06-08,"Item 2,Item 3,Item 4,Item 1,Item 1A,Item 5,Item 6"
SAIH,8-K,2021-05-07,"Item 8.01,Item 9.01"
SAIH,8-K/A,2021-05-06,"Item 1.01,Item 3.02,Item 5.02,Item 5.03,Item 8.01,Item 9.01"
SAIH,8-K,2021-05-04,"Item 1.01,Item 3.02,Item 5.02,Item 5.03,Item 8.01,Item 9.01"
SLAI,6-K,2023-09-28,SIGNATURE
SLAI,6-K,2022-09-29,SIGNATURE
SLNH,8-K,2025-11-17,"Item 2.02,Item 7.01,Item 9.01"
SLNH,10-Q,2025-11-14,"Item 1,Item 2,Item 3,Item 4,Item 1A,Item 5,Item 6"
SLNH,8-K,2025-11-13,"Item 7.01,Item 9.01"
SLNH,8-K,2025-11-10,"Item 5.03,Item 5.07,Item 9.01"
SLNH,8-K,2025-11-06,"Item 7.01,Item 9.01"
SLNH,8-K,2025-10-21,"Item 5.02,Item 7.01,Item 9.01"
SLNH,8-K,2025-10-09,"Item 7.01,Item 9.01"
SLNH,8-K,2025-10-07,"Item 7.01,Item 9.01"
SLNH,8-K,2025-10-06,"Item 8.01,Item 9.01"
SLNH,8-K,2025-09-30,"Item 7.01,Item 9.01"
SLNH,8-K,2025-09-23,"Item 8.01,Item 9.01"
SLNH,8-K,2025-09-16,"Item 2.03,Item 3.02,Item 7.01"
SLNH,8-K,2025-09-11,"Item 7.01,Item 9.01"
SLNH,8-K,2025-09-09,"Item 7.01,Item 9.01"
SLNH,8-K,2025-08-26,"Item 7.01,Item 9.01"
SLNH,8-K,2025-08-20,Item 5.07
SLNH,8-K,2025-08-15,"Item 2.02,Item 7.01,Item 9.01"
SLNH,10-Q,2025-08-14,"Item 1,Item 2,Item 3,Item 4,Item 1A,Item 5,Item 6"
SLNH,8-K,2025-08-12,"Item 7.01,Item 9.01"
SLNH,8-K,2025-08-08,"Item 5.02,Item 7.01,Item 9.01"
SLNH,8-K,2025-08-07,"Item 7.01,Item 9.01"
SLNH,8-K,2025-08-06,"Item 7.01,Item 9.01"
SLNH,8-K,2025-07-22,"Item 7.01,Item 9.01"
SOS,6-K,2025-09-26,Financial Statements and Exhibits
SOS,6-K,2025-08-18,Shareholder Vote
SOS,6-K,2025-03-19,Material Agreement
SOS,6-K,2024-09-24,Financial Statements and Exhibits
SOS,6-K,2024-08-16,Shareholder Vote
SOS,6-K,2024-06-12,Material Agreement
SOS,6-K,2023-10-02,Material Agreement
SOS,6-K,2023-05-08,Shareholder Vote
SOS,6-K,2022-12-30,Material Agreement
SOS,6-K,2022-09-28,Financial Statements and Exhibits
SOS,6-K,2020-10-30,Financial Statements and Exhibits
SOS,6-K,2020-10-26,Accountant Changes
SOS,6-K,2020-10-21,Material Agreement
SOS,6-K,2020-07-21,"Shareholder Vote,Material Agreement,Financial Statements and Exhibits"
ANY,8-K,2025-11-13,"Item 1.01,Item 5.02,Item 7.01,Item 9.01"
ANY,8-K,2025-11-05,"Item 2.02,Item 9.01"
ANY,10-Q,2025-11-04,"Item 1,Item 2,Item 3,Item 4,Item 1A,Item 5,Item 6"
ANY,8-K,2025-10-17,"Item 1.01,Item 3.02,Item 8.01,Item 9.01"
ANY,8-K,2025-09-05,Item 8.01
ANY,8-K,2025-08-06,"Item 2.02,Item 9.01"
ANY,10-Q,2025-08-05,"Item 1,Item 2,Item 3,Item 4,Item 1A,Item 5,Item 6"
ANY,8-K,2025-06-02,"Item 5.07,Item 9.01"
ANY,8-K,2025-05-15,"Item 2.02,Item 9.01"
ANY,10-Q,2025-05-14,"Item 1,Item 2,Item 3,Item 4,Item 1A,Item 5,Item 6"
ANY,8-K,2025-04-28,"Item 1.01,Item 5.02,Item 9.01"
WULF,8-K,2025-11-25,"Item 3.03,Item 8.01,Item 9.01"
WULF,10-Q,2025-11-10,"Item 1,Item 2,Item 3,Item 4,Item 1A,Item 5,Item 6"
WULF,8-K,2025-11-10,"Item 2.02,Item 7.01,Item 9.01"
WULF,8-K,2025-10-31,"Item 1.01,Item 3.02,Item 8.01,Item 9.01"
WULF,8-K,2025-10-30,"Item 8.01,Item 9.01"
WULF,8-K,2025-10-29,"Item 8.01,Item 9.01"
WULF,8-K,2025-10-28,"Item 1.01,Item 9.01"
WULF,8-K,2025-10-23,Item 1.01
WULF,8-K,2025-10-16,"Item 8.01,Item 9.01"
WULF,8-K,2025-10-14,"Item 7.01,Item 9.01"
WULF,8-K,2025-10-14,"Item 8.01,Item 9.01"
WULF,8-K,2025-10-06,"Item 7.01,Item 9.01"
WULF,8-K,2025-10-01,Item 5.07
WULF,8-K,2025-08-22,"Item 3.02,Item 9.01"
WULF,8-K,2025-08-20,"Item 1.01,Item 3.02,Item 9.01"
WULF,8-K,2025-08-19,"Item 8.01,Item 9.01"
WULF,8-K,2025-08-18,"Item 8.01,Item 9.01"
WULF,8-K,2025-08-18,"Item 1.01,Item 7.01,Item 9.01"
WULF,8-K,2025-08-14,"Item 1.01,Item 2.02,Item 7.01,Item 8.01,Item 9.01"
WULF,8-K,2025-08-14,"Item 1.01,Item 7.01,Item 8.01,Item 9.01"
WULF,10-Q,2025-08-08,"Item 1,Item 2,Item 3,Item 4,Item 1A,Item 5,Item 6"
WULF,8-K,2025-08-08,"Item 2.02,Item 7.01,Item 9.01"
WULF,10-Q/A,2025-07-25,Item 6
WULF,10-K/A,2025-07-25,Item 15
WULF,8-K,2025-05-30,Item 5.02
WULF,8-K,2025-05-27,"Item 1.01,Item 1.02,Item 7.01,Item 9.01"
WULF,10-Q,2025-05-09,"Item 1,Item 2,Item 3,Item 4,Item 1A,Item 5,Item 6"
WULF,8-K,2025-05-09,"Item 2.02,Item 7.01,Item 9.01"
WULF,8-K,2025-05-07,Item 5.07
NCTY,6-K,2021-08-27,Material Agreement
NCTY,6-K,2021-04-07,Material Agreement
